-- MySQL dump 10.16  Distrib 10.1.36-MariaDB, for Win32 (AMD64)
--
-- Host: localhost    Database: trackatask
-- ------------------------------------------------------
-- Server version	10.1.36-MariaDB

/*!40101 SET @OLD_CHARACTER_SET_CLIENT=@@CHARACTER_SET_CLIENT */;
/*!40101 SET @OLD_CHARACTER_SET_RESULTS=@@CHARACTER_SET_RESULTS */;
/*!40101 SET @OLD_COLLATION_CONNECTION=@@COLLATION_CONNECTION */;
/*!40101 SET NAMES utf8 */;
/*!40103 SET @OLD_TIME_ZONE=@@TIME_ZONE */;
/*!40103 SET TIME_ZONE='+00:00' */;
/*!40014 SET @OLD_UNIQUE_CHECKS=@@UNIQUE_CHECKS, UNIQUE_CHECKS=0 */;
/*!40014 SET @OLD_FOREIGN_KEY_CHECKS=@@FOREIGN_KEY_CHECKS, FOREIGN_KEY_CHECKS=0 */;
/*!40101 SET @OLD_SQL_MODE=@@SQL_MODE, SQL_MODE='NO_AUTO_VALUE_ON_ZERO' */;
/*!40111 SET @OLD_SQL_NOTES=@@SQL_NOTES, SQL_NOTES=0 */;

--
-- Table structure for table `business_nature_child`
--

DROP TABLE IF EXISTS `business_nature_child`;
/*!40101 SET @saved_cs_client     = @@character_set_client */;
/*!40101 SET character_set_client = utf8 */;
CREATE TABLE `business_nature_child` (
  `business_nature_child_id` int(10) unsigned NOT NULL AUTO_INCREMENT,
  `business_nature_parent_id` int(11) NOT NULL,
  `business_nature_child_name` varchar(191) NOT NULL,
  `created_at` timestamp NULL DEFAULT NULL,
  `updated_at` timestamp NULL DEFAULT NULL,
  PRIMARY KEY (`business_nature_child_id`),
  KEY `business_nature_child_business_nature_parent_id_index` (`business_nature_parent_id`)
) ENGINE=InnoDB AUTO_INCREMENT=2 DEFAULT CHARSET=utf8;
/*!40101 SET character_set_client = @saved_cs_client */;

--
-- Dumping data for table `business_nature_child`
--

LOCK TABLES `business_nature_child` WRITE;
/*!40000 ALTER TABLE `business_nature_child` DISABLE KEYS */;
INSERT INTO `business_nature_child` VALUES (1,1,'sdfgh',NULL,NULL);
/*!40000 ALTER TABLE `business_nature_child` ENABLE KEYS */;
UNLOCK TABLES;

--
-- Table structure for table `business_nature_parent`
--

DROP TABLE IF EXISTS `business_nature_parent`;
/*!40101 SET @saved_cs_client     = @@character_set_client */;
/*!40101 SET character_set_client = utf8 */;
CREATE TABLE `business_nature_parent` (
  `business_nature_parent_id` int(10) unsigned NOT NULL AUTO_INCREMENT,
  `business_nature_parent_name` varchar(191) NOT NULL,
  `created_at` timestamp NULL DEFAULT NULL,
  `updated_at` timestamp NULL DEFAULT NULL,
  PRIMARY KEY (`business_nature_parent_id`)
) ENGINE=InnoDB AUTO_INCREMENT=2 DEFAULT CHARSET=utf8;
/*!40101 SET character_set_client = @saved_cs_client */;

--
-- Dumping data for table `business_nature_parent`
--

LOCK TABLES `business_nature_parent` WRITE;
/*!40000 ALTER TABLE `business_nature_parent` DISABLE KEYS */;
INSERT INTO `business_nature_parent` VALUES (1,'test',NULL,NULL);
/*!40000 ALTER TABLE `business_nature_parent` ENABLE KEYS */;
UNLOCK TABLES;

--
-- Table structure for table `business_personal_data`
--

DROP TABLE IF EXISTS `business_personal_data`;
/*!40101 SET @saved_cs_client     = @@character_set_client */;
/*!40101 SET character_set_client = utf8 */;
CREATE TABLE `business_personal_data` (
  `business_personal_data_id` int(11) unsigned NOT NULL AUTO_INCREMENT,
  `parent_id` int(11) unsigned NOT NULL,
  `child_id` int(11) unsigned NOT NULL,
  `related_id` int(10) unsigned NOT NULL,
  `type` char(5) DEFAULT NULL,
  PRIMARY KEY (`business_personal_data_id`),
  KEY `parent_id` (`parent_id`,`child_id`,`type`)
) ENGINE=InnoDB DEFAULT CHARSET=utf8;
/*!40101 SET character_set_client = @saved_cs_client */;

--
-- Dumping data for table `business_personal_data`
--

LOCK TABLES `business_personal_data` WRITE;
/*!40000 ALTER TABLE `business_personal_data` DISABLE KEYS */;
/*!40000 ALTER TABLE `business_personal_data` ENABLE KEYS */;
UNLOCK TABLES;

--
-- Table structure for table `migrations`
--

DROP TABLE IF EXISTS `migrations`;
/*!40101 SET @saved_cs_client     = @@character_set_client */;
/*!40101 SET character_set_client = utf8 */;
CREATE TABLE `migrations` (
  `id` int(10) unsigned NOT NULL AUTO_INCREMENT,
  `migration` varchar(191) NOT NULL,
  `batch` int(11) NOT NULL,
  PRIMARY KEY (`id`)
) ENGINE=InnoDB AUTO_INCREMENT=97 DEFAULT CHARSET=utf8;
/*!40101 SET character_set_client = @saved_cs_client */;

--
-- Dumping data for table `migrations`
--

LOCK TABLES `migrations` WRITE;
/*!40000 ALTER TABLE `migrations` DISABLE KEYS */;
INSERT INTO `migrations` VALUES (82,'2014_10_12_000000_create_users_table',1),(83,'2014_10_12_100000_create_password_resets_table',1),(84,'2016_06_01_000001_create_oauth_auth_codes_table',1),(85,'2016_06_01_000002_create_oauth_access_tokens_table',1),(86,'2016_06_01_000003_create_oauth_refresh_tokens_table',1),(87,'2016_06_01_000004_create_oauth_clients_table',1),(88,'2016_06_01_000005_create_oauth_personal_access_clients_table',1),(89,'2019_01_31_095106_business_nature_parent',1),(90,'2019_01_31_095143_business_nature_child',1),(91,'2019_02_02_113759_task_assign',1),(92,'2019_02_02_114404_task_users',1),(93,'2019_02_02_133305_tasks',1),(94,'2019_02_02_133324_tasks_attachment',1),(95,'2019_02_02_133453_tasks_notification',1),(96,'2019_02_05_105323_task_reply_attachment',1);
/*!40000 ALTER TABLE `migrations` ENABLE KEYS */;
UNLOCK TABLES;

--
-- Table structure for table `oauth_access_tokens`
--

DROP TABLE IF EXISTS `oauth_access_tokens`;
/*!40101 SET @saved_cs_client     = @@character_set_client */;
/*!40101 SET character_set_client = utf8 */;
CREATE TABLE `oauth_access_tokens` (
  `id` varchar(100) NOT NULL,
  `user_id` int(11) DEFAULT NULL,
  `client_id` int(11) NOT NULL,
  `name` varchar(191) DEFAULT NULL,
  `scopes` text,
  `revoked` tinyint(1) NOT NULL,
  `created_at` timestamp NULL DEFAULT NULL,
  `updated_at` timestamp NULL DEFAULT NULL,
  `expires_at` datetime DEFAULT NULL,
  PRIMARY KEY (`id`),
  KEY `oauth_access_tokens_user_id_index` (`user_id`)
) ENGINE=InnoDB DEFAULT CHARSET=utf8;
/*!40101 SET character_set_client = @saved_cs_client */;

--
-- Dumping data for table `oauth_access_tokens`
--

LOCK TABLES `oauth_access_tokens` WRITE;
/*!40000 ALTER TABLE `oauth_access_tokens` DISABLE KEYS */;
INSERT INTO `oauth_access_tokens` VALUES ('004a81191304652fb6629485c301084f32630ad4b1244c89dec2030c10da9cb9846a362d878c050d',1,1,'MyApp','[]',0,'2019-05-21 22:47:02','2019-05-21 22:47:02','2020-05-22 06:47:02'),('008581cdef512751d9dc6e61625c90809aef5f5c52ccd1942b06d305eb2697f2ebd3c5cbf1c75ce8',1,1,'MyApp','[]',0,'2019-05-09 22:52:25','2019-05-09 22:52:25','2020-05-10 06:52:25'),('00bc9823e0acec9845919f0524df01860cf8ae0f7f96d02305b4363bfcd07a9d208bd2e2b18db9b6',1,1,'MyApp','[]',0,'2019-05-21 23:56:56','2019-05-21 23:56:56','2020-05-22 07:56:56'),('01a77e6d5301ba44670340791bf96a42d551189c80377743c8b0edbaf4c3282b3917ac36258480b0',1,1,'MyApp','[]',0,'2019-05-09 18:52:37','2019-05-09 18:52:37','2020-05-10 02:52:37'),('0395ed499a75ab1b4c544cfeedaad0ca1e586d36c3b199c98242e8307bfc67c9400696e87d7f7732',1,1,'MyApp','[]',0,'2019-05-09 22:50:53','2019-05-09 22:50:53','2020-05-10 06:50:53'),('04aeee784dc93e6417e58b7360fa115e203cbfb05920c8afe49a60fc6634007e5defc3d3f8458040',1,1,'MyApp','[]',0,'2019-05-08 23:40:37','2019-05-08 23:40:37','2020-05-09 07:40:37'),('04dc6873c8033cfb4f3fa020510595192a832a68536df220045115a10d572f59d9055b6ff0656fe7',1,1,'MyApp','[]',0,'2019-05-09 23:43:19','2019-05-09 23:43:19','2020-05-10 07:43:19'),('04f4c8b08cb50924828c641e9218c46519ad3847bdcff732ff5f7c9fb5d279849fef14c49ea9f45f',1,1,'MyApp','[]',0,'2019-05-23 00:36:52','2019-05-23 00:36:52','2020-05-23 08:36:52'),('0526cf84c7cfa82bc36eb68b12fb6907e41d4da4b0e3c4023c25cdd4081130c3925454c9c0dd788c',1,1,'MyApp','[]',0,'2019-05-23 00:43:38','2019-05-23 00:43:38','2020-05-23 08:43:38'),('056849bdce2d32919bf80bcc6082524c5c06242accac7cd67a6ffded5746cdd0a6710483b904c3c4',4,1,NULL,'[]',0,'2019-03-11 00:41:19','2019-03-11 00:41:19','2020-03-11 08:41:19'),('08156cfd98fd8cd0247f19b8d5b3d15f8eabb2b667e6eb89a50c29db0757fded3e635a3f3ddd2da2',1,1,'MyApp','[]',0,'2019-05-23 00:27:07','2019-05-23 00:27:07','2020-05-23 08:27:07'),('083d7174cb68a53c47670a56376def9594293d2f98810ae156ec4ff7d86d28bb43649edff5ce0e7a',1,1,'MyApp','[]',0,'2019-05-10 00:14:54','2019-05-10 00:14:54','2020-05-10 08:14:54'),('08906872bbb78897c7b9e40bdf21d7a6e632299d844acad1c82c4547ce1043db2b09c6ae58556ae9',1,1,'MyApp','[]',0,'2019-05-21 22:38:51','2019-05-21 22:38:51','2020-05-22 06:38:51'),('08ec8b862a42e010f7ed7f14cb50ea7360e94a4646c17c55b3826bff5abc98e06ff9ae42842e70d3',1,1,'MyApp','[]',0,'2019-05-10 00:13:38','2019-05-10 00:13:38','2020-05-10 08:13:38'),('0a2cf79fe93a18ebfc8a128da7ff344d4ccb70d9e2b4b664d265433dd2c80ca9de5cf4074906f8b0',1,1,'MyApp','[]',0,'2019-05-21 22:55:52','2019-05-21 22:55:52','2020-05-22 06:55:52'),('0a664e2fe7ede8ec9ac0fae2ccb249de8d4a9bcea300030ae52dc67f89a250219b52b5355f54e756',1,1,'MyApp','[]',0,'2019-05-10 00:34:18','2019-05-10 00:34:18','2020-05-10 08:34:18'),('0b6000fef1b3bf7152df499eb51b20c864cdf893de3df92380f078c089f7f057f5a0b8cc060bfd2b',1,1,'MyApp','[]',0,'2019-05-09 22:44:24','2019-05-09 22:44:24','2020-05-10 06:44:24'),('0c31e68fbe20c63738c7d4fdab4e53f020c62161602b369f66851abb74f0fcc03fcad89ac89ee56f',1,1,'MyApp','[]',0,'2019-05-23 00:09:14','2019-05-23 00:09:14','2020-05-23 08:09:14'),('0c64f03f2b2e83f4b1126c44f96c2aa7f781c04f5db454da1103726e820aa3987f86091174c1afa1',1,1,'MyApp','[]',0,'2019-05-22 21:54:46','2019-05-22 21:54:46','2020-05-23 05:54:46'),('0c75cb57a5902605334cd974dab96cd78473300041f240d354d8e4403980e83e423f079a749c957e',1,1,'MyApp','[]',0,'2019-05-09 23:15:42','2019-05-09 23:15:42','2020-05-10 07:15:42'),('0c96ac633bb7537a0f45c78c4df0c5ec152db7b912a2d9b09df63ef149e689e80eb6df3d551c3d74',1,1,'MyApp','[]',0,'2019-05-23 00:00:52','2019-05-23 00:00:52','2020-05-23 08:00:52'),('0d2f3b2e3d8ba6167248b226223098f9fd3d08fa12a677f6ec2bd5fceab140a7640d57ac1c64b7b9',1,1,'MyApp','[]',0,'2019-05-23 00:03:51','2019-05-23 00:03:51','2020-05-23 08:03:51'),('0db632a749c1ac2b8783c7a67bdbd9caa1fe8a09ca172899ea199da0306bfebf44ba211fd8ebdae5',1,1,'MyApp','[]',0,'2019-05-22 23:59:57','2019-05-22 23:59:57','2020-05-23 07:59:57'),('0db6ed8b3b3d989b514b5dfaafeb4de3f9e9d5d3b40b34fa1129a88a1abab276f77ce4baa3e5add6',4,1,NULL,'[]',0,'2019-03-11 01:35:15','2019-03-11 01:35:15','2020-03-11 09:35:15'),('0dc55b6d83913de4f6c780ef7293ef9e58506d2fd510475a2cad2d1fe7b4b3ee77680d52c03e8038',1,1,'MyApp','[]',0,'2019-05-21 22:38:03','2019-05-21 22:38:03','2020-05-22 06:38:03'),('0e85169fc8f1957c564d44353158451bc353e6e34b05d195850a4568fea37326115337ece98576f2',1,1,'MyApp','[]',0,'2019-05-23 00:34:37','2019-05-23 00:34:37','2020-05-23 08:34:37'),('0eabd06fc5bc624da99b6f47a386e22b4aec0ca8c3c48f4ac1e283a355ad2adaba35950ef4f9b677',4,1,'MyApp','[]',0,'2019-03-05 19:29:17','2019-03-05 19:29:17','2020-03-06 03:29:17'),('0f18903c3e0b666359756c6ed029a971d4e483f8d2866b0f59854211e4b2ff472c8c14541727798e',1,1,'MyApp','[]',0,'2019-05-09 23:20:33','2019-05-09 23:20:33','2020-05-10 07:20:33'),('0f79e9cd74081838a11165b63081034271de0147b80e2e208092d8c46e65a1b969919186079fb36e',1,1,'MyApp','[]',0,'2019-05-22 21:42:05','2019-05-22 21:42:05','2020-05-23 05:42:05'),('0fcf46cb4cc4f3aa6800c0c72fd99e284da3d895207bf0cdad30ea641d68dcef59a11b96772e9e21',1,1,'MyApp','[]',0,'2019-05-27 17:17:32','2019-05-27 17:17:32','2020-05-28 01:17:32'),('10d04187628dec75582ad9d00f6b8f25a21ce8e6b123f317c4dcf56b34546565b969ef5f4124821a',1,1,'MyApp','[]',0,'2019-05-09 22:49:23','2019-05-09 22:49:23','2020-05-10 06:49:23'),('113478b67667cdf19c726545c0ddc1e5a977f1a3db8ead5fa1e527d7a1e7ac93b0745f5289f4f7b1',1,1,'MyApp','[]',0,'2019-05-08 00:48:46','2019-05-08 00:48:46','2020-05-08 08:48:46'),('114f9c90338e5ba755be8b0a9a8c12478fdf84ed958e70250c969d8b3f9209340aecb79dc0df290a',1,1,'MyApp','[]',0,'2019-05-22 19:32:30','2019-05-22 19:32:30','2020-05-23 03:32:30'),('11de07342468b17a8e102f99ac769e2f5ac79adb2d3479e3505b35701727466f7a8bb9bfd6e513bd',1,1,'MyApp','[]',0,'2019-05-08 22:54:18','2019-05-08 22:54:18','2020-05-09 06:54:18'),('12f8defca17a49da7392aa5cf02bda478877b5e42a2f899006b4d6a81ad2038d25c1ea89ffc2ad8d',1,1,'MyApp','[]',0,'2019-05-21 22:19:17','2019-05-21 22:19:17','2020-05-22 06:19:17'),('136f5436869900315e94858ad9e951283f37c5bf200b0b48e08169a90672e0aefbab4a1276409918',1,1,'MyApp','[]',0,'2019-05-21 23:59:27','2019-05-21 23:59:27','2020-05-22 07:59:27'),('140629437b24f631be86a8adbbdde6ccad31a34547d9a34681e54aaeda0e4628f44c53cc282e878c',1,1,'MyApp','[]',0,'2019-05-08 23:38:26','2019-05-08 23:38:26','2020-05-09 07:38:26'),('14308d2388781f6d0e2093e86a6fd18546882e83170a14a0987ec33cc3d16e1c52f1cb0058fa2803',1,1,'MyApp','[]',0,'2019-05-09 23:18:14','2019-05-09 23:18:14','2020-05-10 07:18:14'),('1513ddf25466b81fa69cfee19d23d32edb40730cb1ffd62c18849ecd9367b7d1ac410324ecf43039',1,1,'MyApp','[]',0,'2019-05-09 22:54:25','2019-05-09 22:54:25','2020-05-10 06:54:25'),('1554088e4fd25dcc3d8db60d226048514bd1eff926060a8419708fc9038b71b4371d7cf240f49dbd',1,1,'MyApp','[]',0,'2019-05-09 23:12:21','2019-05-09 23:12:21','2020-05-10 07:12:21'),('15756b7a2f3247f3908fe72eb7f0a46bee631e380331456a0888cfeaf15ed0b4a4b85680fc685755',2,1,'MyApp','[]',0,'2019-05-08 00:24:44','2019-05-08 00:24:44','2020-05-08 08:24:44'),('15987780f48bfffc5e4df0892ffe6119a5588971c667af78ab037da878cf1aa396ae272aedf8f06e',1,1,'MyApp','[]',0,'2019-05-23 00:43:38','2019-05-23 00:43:38','2020-05-23 08:43:38'),('15f3d9671bf922713c1401980233d27cb9b90130025a841636978d83dae76f0879806be5e465f911',1,1,'MyApp','[]',0,'2019-05-20 01:10:46','2019-05-20 01:10:46','2020-05-20 09:10:46'),('16446fbd3b34d2290607a66ee66422edac9d554bf105520c9c1c1020ab912342dcb132fcf7b7b1b2',1,1,'MyApp','[]',0,'2019-05-09 23:15:42','2019-05-09 23:15:42','2020-05-10 07:15:42'),('172f2bbbc850258b041a13fcb219266e4e3335b4782892893d618817d66eb4a3af0ca588b564d4ee',1,1,'MyApp','[]',0,'2019-05-09 21:53:36','2019-05-09 21:53:36','2020-05-10 05:53:36'),('173f6d31b919fc68414f68b2eb73269b0e8ace7f5bb341a1c029bfee66d6f5f216685223d3466d92',1,1,'MyApp','[]',0,'2019-05-09 22:41:28','2019-05-09 22:41:28','2020-05-10 06:41:28'),('17ac3547c9c59f66e4af06ad9545fa0c517f976fcbbd2e72aee05a26874f0d55cff306d78a0fc11a',1,1,'MyApp','[]',0,'2019-05-21 23:16:20','2019-05-21 23:16:20','2020-05-22 07:16:20'),('17e9b37cceab1c8cd2c5960f0aee4ceb0af9677c16899e74f341e967e3e353a56266dcce5266d33a',1,1,'MyApp','[]',0,'2019-05-09 22:40:51','2019-05-09 22:40:51','2020-05-10 06:40:51'),('19378fbba066c23b1bff339ad4c794f104085c39da9ce698477a20627bfc69717988111d8854792b',1,1,'MyApp','[]',0,'2019-05-08 00:20:50','2019-05-08 00:20:50','2020-05-08 08:20:50'),('19bfc795de57f3491da6804ebb2b0daf74bab1a632764f4d420b0a95b29de4e48be5d96ee11b1973',1,1,'MyApp','[]',0,'2019-05-16 21:41:34','2019-05-16 21:41:34','2020-05-17 05:41:34'),('1a3645118b2a87ce691094207a2e02077fc3183d98d0017505067f93e0cf761a30ad10413ca5f6cb',1,1,'MyApp','[]',0,'2019-05-22 23:48:48','2019-05-22 23:48:48','2020-05-23 07:48:48'),('1a3e53038c187c0b9bbb73f35b7e18ee2b67a1226419c3125bee3d74027b2e3775cf9545094cf642',1,1,'MyApp','[]',0,'2019-05-21 22:32:12','2019-05-21 22:32:12','2020-05-22 06:32:12'),('1a8e98438309e2379fde0490d24aa2223c9bdc75ad4767c2a0070dafa2bd6c6d61d088462907b381',1,1,'MyApp','[]',0,'2019-05-22 23:09:01','2019-05-22 23:09:01','2020-05-23 07:09:01'),('1b0ae1f35bd9ef97804ca300f2bb82d8df2a7580260bd5db49387ab5ef247e375430d04ea64fe287',1,1,'MyApp','[]',0,'2019-05-08 19:30:56','2019-05-08 19:30:56','2020-05-09 03:30:56'),('1b152d112b803a4997e2317e245749f13fba86ba2e65cde069d957ce898ea92bccc3caf29bb48895',1,1,'MyApp','[]',0,'2019-05-09 22:43:33','2019-05-09 22:43:33','2020-05-10 06:43:33'),('1b979499a218ab7218d0362fda0804c180c3baf55e45baafa564e824fc4b0c5b6fa201740b986df4',1,1,'MyApp','[]',0,'2019-05-22 23:59:07','2019-05-22 23:59:07','2020-05-23 07:59:07'),('1bbe0c2269475237ad16d6681bcd6dd2d21a3fe2456aaced92aafe5e2e5164a635b8a216b29f555e',4,1,NULL,'[]',0,'2019-03-10 23:36:55','2019-03-10 23:36:55','2020-03-11 07:36:55'),('1d7dd963578f17f95ec3e37b0bc9a1309ccc014f0517d00e2db71f99911840fdcb29eba50c93e59a',1,1,'MyApp','[]',0,'2019-05-08 19:26:33','2019-05-08 19:26:33','2020-05-09 03:26:33'),('1db0b5b413a0c2d8a02a5467c70ebaa2927e2fc1ef314bf9ec711c2a9ac788b31c69f5ce4b76b9b3',4,1,'MyApp','[]',0,'2019-03-11 01:26:26','2019-03-11 01:26:26','2020-03-11 09:26:26'),('20e39d208b5548ea969f45493ce881298c562da64e473f9404d6fa9dfdabd6606b9c92192cab9407',1,1,'MyApp','[]',0,'2019-05-21 22:40:18','2019-05-21 22:40:18','2020-05-22 06:40:18'),('2118284df31f5bc75738a1b39c2c4511a038b169a9d49866c4efc625cf799373b369600b0dfcbd0e',1,1,'MyApp','[]',0,'2019-05-22 00:00:45','2019-05-22 00:00:45','2020-05-22 08:00:45'),('21484b0824f05fa279a715c909c62e8317a3d90a75d41ab4d33a8fed436a519eaa891f81818f42e3',1,1,'MyApp','[]',0,'2019-05-08 23:33:35','2019-05-08 23:33:35','2020-05-09 07:33:35'),('229fd7a8679d604e0581b712473eec4ed81cb4ad4fe91d8e7acb39b64ef7f4f69ba23c044e656af8',1,1,'MyApp','[]',0,'2019-05-21 23:59:27','2019-05-21 23:59:27','2020-05-22 07:59:27'),('22e3a365814758d13c3ba964df311958e5011970fdd0a617be7f198f6210e0eb1e9043159b7f42af',1,1,'MyApp','[]',0,'2019-05-09 21:59:07','2019-05-09 21:59:07','2020-05-10 05:59:07'),('241e80ab0cb2b034c167ba93e1e541e23657defedad44b2bad5ffc5a2a4f00912cd5ee9513e667be',1,1,'MyApp','[]',0,'2019-05-08 23:31:04','2019-05-08 23:31:04','2020-05-09 07:31:04'),('24ac59c68baf29be6a19723c8daaa4b2e434d644026e86e6cddd295aced81ea28c70a2973ef07345',1,1,'MyApp','[]',0,'2019-05-22 22:58:08','2019-05-22 22:58:08','2020-05-23 06:58:08'),('251764170e9c63a39073ba9f6773e2332ed3fe415b350698b522171bfa45002a1d4301cc0bd4ad76',1,1,'MyApp','[]',0,'2019-05-10 00:28:37','2019-05-10 00:28:37','2020-05-10 08:28:37'),('2550c4ff2340a453043fc31e29b7f01c5d11a2f68765a1dff675cfef756cdaa531d89e8b1eee972e',1,1,'MyApp','[]',0,'2019-05-08 00:25:07','2019-05-08 00:25:07','2020-05-08 08:25:07'),('26a0c9995c6343ee8e9aee3af5c8e5e33e2505b181998d888ff0a7a7f8dc6ad60ec0f6d37e4991db',1,1,'MyApp','[]',0,'2019-05-16 00:38:57','2019-05-16 00:38:57','2020-05-16 08:38:57'),('26be3d26920e4528bd3cf47555de1870495cf6df5cee97b50275c81fbbb99ff1bb0bac0407eea453',1,1,'MyApp','[]',0,'2019-05-23 00:00:52','2019-05-23 00:00:52','2020-05-23 08:00:52'),('27a1e61fb74eec5eeee7d6fbe3667b8a40ea2d4124972f30527699a7325765161a0024f5e9cc6449',1,1,'MyApp','[]',0,'2019-05-09 22:40:10','2019-05-09 22:40:10','2020-05-10 06:40:10'),('2841f16d73bc685e81dee4553f1a8d797a0b82a60a04e53d05754108722575fd4abb6f6dac4226d2',1,1,'MyApp','[]',0,'2019-05-09 22:40:10','2019-05-09 22:40:10','2020-05-10 06:40:10'),('28d8dcd5dda51040ae976d274d9c7d568cc600a568d74c6aa5fc1871ee27f63e55a30884fe5d5347',4,1,'MyApp','[]',0,'2019-03-11 00:27:32','2019-03-11 00:27:32','2020-03-11 08:27:32'),('2a0ecf99912728739b58bf93f9468e639b942892a34d7932f2f5010a93d7520318c5fa31e2c60e1a',1,1,'MyApp','[]',0,'2019-05-22 21:58:05','2019-05-22 21:58:05','2020-05-23 05:58:05'),('2ac6826709f1d1920e206a910990790fca69683b377c72540d32668cb8a97833992a54f020f4a65e',4,1,'MyApp','[]',0,'2019-03-05 19:26:39','2019-03-05 19:26:39','2020-03-06 03:26:39'),('2ae35f7d263b23d98b7648d4ef557b20e0aea21ed05f24b6e2e5861e3863b378325d8d8229cf9bc7',1,1,'MyApp','[]',0,'2019-05-09 22:15:30','2019-05-09 22:15:30','2020-05-10 06:15:30'),('2c0689f6a70710f56c48c1cd295d82c94ddc11a94aeec458ee8bbde28f1bdbff2c41ab2ba8f0b122',1,1,'MyApp','[]',0,'2019-05-08 23:42:18','2019-05-08 23:42:18','2020-05-09 07:42:18'),('2c76580a7aece539a4b33c6193199aa69c14e6cf251eff8378c4bc327d88f209dcd530e502fc0f85',1,1,'MyApp','[]',0,'2019-05-22 19:21:09','2019-05-22 19:21:09','2020-05-23 03:21:09'),('2cbf5f6421d47cbc6478c8e64f34ef550e7bb443370f5f9505ec1713bfa2e490eb91dff6779ff690',1,1,'MyApp','[]',0,'2019-05-09 22:42:50','2019-05-09 22:42:50','2020-05-10 06:42:50'),('2d9f30a02cd2195c8d327589c6b35ab4d966d59b01f0578ea701b4cbdc29ed81a8620e39de7d1f4a',1,1,'MyApp','[]',0,'2019-05-10 00:13:38','2019-05-10 00:13:38','2020-05-10 08:13:38'),('2e442c6d1b714755f1260e786586c806e5b44b152005dc78d93fdb02a4ff2055b23463367ddf820b',1,1,'MyApp','[]',0,'2019-05-21 22:20:27','2019-05-21 22:20:27','2020-05-22 06:20:27'),('2eeb1b209ebcf80fcd83661fc609411fefa9b1cbbc6ce4981268708a8ca45ec1b67c006f0454fac4',1,1,'MyApp','[]',0,'2019-05-22 23:58:28','2019-05-22 23:58:28','2020-05-23 07:58:28'),('300e16b5b79f1f10d49752d7be972f488b27561a1de8b0733254493121aa01d5637de416b6a7a927',1,1,'MyApp','[]',0,'2019-05-09 23:43:18','2019-05-09 23:43:18','2020-05-10 07:43:18'),('30e21bf6ca8b33e4f4cc1cbb667662830b5a096bda600a47973fdacd1c5c43f92a1555f5d21390ca',1,1,'MyApp','[]',0,'2019-05-22 21:54:08','2019-05-22 21:54:08','2020-05-23 05:54:08'),('31081992f65d157285a4c54a7c10e9e893bfff9ffb16868e3fe126bfde55ef1fe0d18cffb190b625',1,1,'MyApp','[]',0,'2019-05-09 23:15:02','2019-05-09 23:15:02','2020-05-10 07:15:02'),('313b02886dd36db3c3721e66a6aa40dc810a4c2139c741c82efa4bf2283f053f53c13fe893cc23d4',1,1,'MyApp','[]',0,'2019-05-21 22:38:51','2019-05-21 22:38:51','2020-05-22 06:38:51'),('3194b25f11fb13be89aaf51a58feeb891e234c9c3ed1531bd54b769cff42c210c7b8ea90c034bfa1',4,1,'MyApp','[]',0,'2019-05-27 03:32:24','2019-05-27 03:32:24','2020-05-27 11:32:24'),('31ca178fda9ee60ffc1abf86a57649498c90f939dc1ac53889a76e83cb8bc0685fd595e8cc76162f',1,1,'MyApp','[]',0,'2019-05-21 22:18:47','2019-05-21 22:18:47','2020-05-22 06:18:47'),('32c0714f70c8bc71e584700a39d1cfff4b1823c5d451e3bbfd032540af3a9c780046fe16955878f2',1,1,'MyApp','[]',0,'2019-05-09 23:28:28','2019-05-09 23:28:28','2020-05-10 07:28:28'),('331ca5fac1ee94c8a9e96f0ed1b7990f0dd546ecb89b9664003a0d2ad657ca131a0af1efe959658b',1,1,'MyApp','[]',0,'2019-05-23 00:15:19','2019-05-23 00:15:19','2020-05-23 08:15:19'),('339f0b4bb1e41844ffec30c8d4aef84b079499b35a010266e4dd40342930b88148d5a870ec72b016',1,1,'MyApp','[]',0,'2019-05-23 00:36:52','2019-05-23 00:36:52','2020-05-23 08:36:52'),('3440b5567e6348f7104c390cfb1d91aa225e258ab836cb80da2bdc0ffaf162da48ed8077c8db8da6',1,1,'MyApp','[]',0,'2019-05-21 23:58:20','2019-05-21 23:58:20','2020-05-22 07:58:20'),('345e3e8d96ba56dc1762f853356ebe76a85cb573874490a781b6626194839f3769e47b8d0b20b7f4',1,1,'MyApp','[]',0,'2019-05-22 23:57:55','2019-05-22 23:57:55','2020-05-23 07:57:55'),('3588c9a6d1d5e0ce2d6daca04cd1c6e4d16e7898530cbae4c62ab9c905d82ae3a61f0f5aea4c5a74',1,1,'MyApp','[]',0,'2019-05-09 23:27:20','2019-05-09 23:27:20','2020-05-10 07:27:20'),('360d738eb5ca28e2e5865c71caf8cdae166983da9d68ff7c0bc5e77edbdbcfed080e720162532441',1,1,'MyApp','[]',0,'2019-05-21 23:55:00','2019-05-21 23:55:00','2020-05-22 07:55:00'),('361c7ca2da21ee205139652593793f33f3e5a5ceffb474d772a846ef2894521f3f7bff53f6f93935',1,1,'MyApp','[]',0,'2019-05-22 21:52:08','2019-05-22 21:52:08','2020-05-23 05:52:08'),('3649e67fc356cd2bf4e4fc2f52214f36d9d6e02c1aba6cf62b962b860623171c09db552c7a69382c',1,1,'MyApp','[]',0,'2019-05-22 23:00:23','2019-05-22 23:00:23','2020-05-23 07:00:23'),('37b0d4d9db3a1ce5ec860bfa090445839feb34325bf7761993c715d34d680a207f0129a83daf5c1f',1,1,'MyApp','[]',0,'2019-05-21 23:55:20','2019-05-21 23:55:20','2020-05-22 07:55:20'),('3915fb7ea7d2dfca81edced0f4489475a6de1750f1a57b4e3077b29373f84df850236664a09e08c9',1,1,'MyApp','[]',0,'2019-05-09 23:17:52','2019-05-09 23:17:52','2020-05-10 07:17:52'),('3b41db5c2aeb5b39b905b2df5391cd81a8ad2b6758d74b466fd95d5e3c60d248c187cd7a5a85fac6',1,1,'MyApp','[]',0,'2019-05-23 00:11:15','2019-05-23 00:11:15','2020-05-23 08:11:15'),('3bf00b7197ddf391ac9121ee81b185fbf85c63b3ac3e9b7a29ba7747383ca382a217705e201477ed',1,1,'MyApp','[]',0,'2019-05-22 19:23:17','2019-05-22 19:23:17','2020-05-23 03:23:17'),('3c83be57a02d043bd896b470182faf9ac5c429809c098484f831d61d75549c3599b9fd04607355a7',1,1,'MyApp','[]',0,'2019-05-23 00:15:59','2019-05-23 00:15:59','2020-05-23 08:15:59'),('3d7ad62c2ea8c6c961e355f2ba962bfbc75a56f04d968760198c44c69c955ff2c768e05cd66aaf01',4,1,'MyApp','[]',0,'2019-03-11 00:12:50','2019-03-11 00:12:50','2020-03-11 08:12:50'),('3de7f61698b2a5c66e3e0f63abbbdd3b0c6d7dbaeacfc3f274213c7c2766c45771b5139ac715369a',1,1,'MyApp','[]',0,'2019-05-09 23:53:45','2019-05-09 23:53:45','2020-05-10 07:53:45'),('404ab813fe979944845db1b05f43295d413238ae1651c917ac51d50b5fd686c96a6204a2b784aa92',1,1,'MyApp','[]',0,'2019-05-09 22:44:24','2019-05-09 22:44:24','2020-05-10 06:44:24'),('40a95b0fcb34f1338bd9138c400d6e4a5aa294ff1d4ac1e837cef45f1c5ac3da51c9ec4c9f6fe9a0',1,1,'MyApp','[]',0,'2019-05-09 00:08:22','2019-05-09 00:08:22','2020-05-09 08:08:22'),('4138dc356ca2ab77ec2ef663067afdf40e8f7658e55def3820acbebb4233efcd1aff38a5546c4945',1,1,'MyApp','[]',0,'2019-05-08 22:52:01','2019-05-08 22:52:01','2020-05-09 06:52:01'),('41a070003026e0463e042e0b2d50434aa63bad8c4ee8ff13dd7fbf7af99a2dc018efb36c252879ea',4,1,'MyApp','[]',0,'2019-03-11 00:41:37','2019-03-11 00:41:37','2020-03-11 08:41:37'),('4331b8a97670dcaab92e4e9f2892a9e7694340057d30be4068b0207ea615ddc30df98221c79ae589',4,1,'MyApp','[]',0,'2019-03-11 00:51:33','2019-03-11 00:51:33','2020-03-11 08:51:33'),('44a01e56964961102c3c2e8855910805f148217b86db162ce812fec6ec52b5930c26c728e9c2cf18',1,1,'MyApp','[]',0,'2019-05-22 23:59:57','2019-05-22 23:59:57','2020-05-23 07:59:57'),('44c318e17b650b1db1781bdf261059a6d367773d208796de1a32c427b269a3a3a29b4fffecba6003',1,1,'MyApp','[]',0,'2019-05-16 01:00:24','2019-05-16 01:00:24','2020-05-16 09:00:24'),('44e1ac35ae20b086e9620902c7b9c3be78c0b227e64f38542f0190e9e32640d866602f4c3ccf0234',1,1,'MyApp','[]',0,'2019-05-16 00:50:39','2019-05-16 00:50:39','2020-05-16 08:50:39'),('44ec26d89961af77265f6cb86a244cbb3cbc986fc737c1909c1c69619290274f265cb8c6a9ccefd4',4,1,'MyApp','[]',0,'2019-03-11 00:47:14','2019-03-11 00:47:14','2020-03-11 08:47:14'),('450c40b33cd1f054a2146397838962de3f4db513e483e9f2cb29bfc3a5e0123c7a9871560db63107',1,1,'MyApp','[]',0,'2019-05-09 17:17:39','2019-05-09 17:17:39','2020-05-10 01:17:39'),('450cbb2db33230dc34110896e6cdf58586f8d7470a7a7e53d4c71a91489c948a4a61c34e34facee4',1,1,'MyApp','[]',0,'2019-06-09 23:57:31','2019-06-09 23:57:31','2020-06-10 07:57:31'),('45b8fdeb0fdd84c7b7c111708f3ee458bf8279a7669e8ae2c3c8bf0fab681dbd4351eb50f242ef3c',1,1,'MyApp','[]',0,'2019-05-28 23:19:40','2019-05-28 23:19:40','2020-05-29 07:19:40'),('461b67a2ec14c5199090c4a46270ba2257bda495c047e4f91b84bf4de8a841bbd5f98fafa8a071ea',4,1,'MyApp','[]',0,'2019-03-11 00:17:02','2019-03-11 00:17:02','2020-03-11 08:17:02'),('465963a8b222c38abf082eea8f1f9bfbf3ddd5e50dc7b11cae4b3808e50fbf7a3243fbb792758315',1,1,'MyApp','[]',0,'2019-05-08 01:33:32','2019-05-08 01:33:32','2020-05-08 09:33:32'),('46aec4bc4ff6326ab03dbb80424fbe892759b74e60d1983fdff7349db04ed04ba4731f8993d1e40e',1,1,'MyApp','[]',0,'2019-05-22 23:48:48','2019-05-22 23:48:48','2020-05-23 07:48:48'),('4848e06bd44f60218e42860e49d2d14e433a7e0a767da849c086dc7ac422f8e075f3ddfc96b61346',1,1,'MyApp','[]',0,'2019-05-10 00:30:23','2019-05-10 00:30:23','2020-05-10 08:30:23'),('485c313fc7df640c3ec4f37702039dd4b2d86657dc9a946d298640ca8732fff61d110e488808ca7d',1,1,'MyApp','[]',0,'2019-05-09 00:01:10','2019-05-09 00:01:10','2020-05-09 08:01:10'),('4894d2b961f4d7fcf7c777069cf3901a174e921bb276787cb75f06cc3550131bd41aaf49f843267d',1,1,'MyApp','[]',0,'2019-05-22 21:53:24','2019-05-22 21:53:24','2020-05-23 05:53:24'),('49aa7c51dd91a91a3bec51f80c6c49b6cd8cb38e64659cd3c2b87d4e3a5711af92fc1c8ca4651168',1,1,'MyApp','[]',0,'2019-05-09 22:42:04','2019-05-09 22:42:04','2020-05-10 06:42:04'),('49ec376844a35873fcb3f86dc2162376c5ac21753cbd6bce490cfcaa3fdade822eb32350f97f49fb',1,1,'MyApp','[]',0,'2019-05-22 23:16:30','2019-05-22 23:16:30','2020-05-23 07:16:30'),('4ae7ce555ca018fbea1247432156d03735c98f34bac335356870fc49d4d6fdbd1309eee4cfdfa2e5',1,1,'MyApp','[]',0,'2019-05-16 01:00:24','2019-05-16 01:00:24','2020-05-16 09:00:24'),('4c2719da9d2a3301a9ed29bc86f6b19b735945db6af5c43cb55884fc79a7c73172bc52b4c95be90a',1,1,'MyApp','[]',0,'2019-05-08 22:38:53','2019-05-08 22:38:53','2020-05-09 06:38:53'),('4cfabc658d022eba01141410f2b5589e066b70b702899194084032ae890bad20f37b6d8355c515e4',1,1,'MyApp','[]',0,'2019-05-21 23:14:19','2019-05-21 23:14:19','2020-05-22 07:14:19'),('4e61b3319c344da9121d25b48cdd7aeba2ee202d2b4ff989dde88886fbcbf9ed53db9a1f2b142d2d',1,1,'MyApp','[]',0,'2019-05-21 23:56:56','2019-05-21 23:56:56','2020-05-22 07:56:56'),('5045c438bed78dd285d7abb8cd7079cd5194391eb84b61ceb629fcae3275b61df556128d483d65cf',1,1,'MyApp','[]',0,'2019-05-09 22:42:51','2019-05-09 22:42:51','2020-05-10 06:42:51'),('51ca0ce84992305b392e83528bda1692c2e9717cbd96093e2da899c9053dfdba8ff70f45a280ff4b',1,1,'MyApp','[]',0,'2019-05-09 23:27:20','2019-05-09 23:27:20','2020-05-10 07:27:20'),('52826cc3bf1a3b6484b63d8792c82c782c85fbe8bdcf97d48b11115569cef29577c7ef54e3286bd5',1,1,'MyApp','[]',0,'2019-05-09 22:57:21','2019-05-09 22:57:21','2020-05-10 06:57:21'),('52c030d6da0ec33fc029858e11f9b74c1c2606b48079430f9451a327334037cfff0d296f6013268f',1,1,'MyApp','[]',0,'2019-05-22 19:16:50','2019-05-22 19:16:50','2020-05-23 03:16:50'),('52de82c51dc375c7afe44b92a6d839666003a1d8e27203da2e547ca86b057436446581ae76e2b405',1,1,'MyApp','[]',0,'2019-05-08 23:09:21','2019-05-08 23:09:21','2020-05-09 07:09:21'),('5362c4f872490f7c27fe78ebf143c04ee3408a53c44bb24b9d0dcc0da59112bc0265520cfcc0705a',5,1,'MyApp','[]',0,'2019-05-08 01:36:16','2019-05-08 01:36:16','2020-05-08 09:36:16'),('55be86b0fff94e24794af31d5e56ad3a77afe332dae838955cff3e9c5759d1c6e1349c05a49fe7ff',1,1,'MyApp','[]',0,'2019-05-08 23:27:01','2019-05-08 23:27:01','2020-05-09 07:27:01'),('55ebe34926b63b6fc649d748f76b2c3f71f79b39e8eb31aba64ace2ae5aa0e3493dcdc298cf38e23',1,1,'MyApp','[]',0,'2019-05-08 17:25:34','2019-05-08 17:25:34','2020-05-09 01:25:34'),('5622f7761b7a38d97e83207b27574fcf48c2c4d4e22b1c08ff2e672fc9e94663bfb8425e143ecfa0',4,1,'MyApp','[]',0,'2019-03-11 00:10:47','2019-03-11 00:10:47','2020-03-11 08:10:47'),('585687707fcea7480699815494ff860cf3beb4692e0ff7ca4e1a3a7468718d5667bd0e7c650e7f45',1,1,'MyApp','[]',0,'2019-05-09 00:08:22','2019-05-09 00:08:22','2020-05-09 08:08:22'),('59763a182e488a3783cb89a345b1e08fc53479af5a4d4894210ef3b40ad13682a5f774ec84b6a7b7',1,1,'MyApp','[]',0,'2019-05-09 23:17:33','2019-05-09 23:17:33','2020-05-10 07:17:33'),('5a2655ae214b4fe515e1fcbfa9902639455dce5e97257df96afb74078adbd178c6fc5dd100c021a5',4,1,'MyApp','[]',0,'2019-03-10 23:54:31','2019-03-10 23:54:31','2020-03-11 07:54:31'),('5a5a47df132de65214c6249df4418d981739abb3ee9a9b730cc0a7422ba57e4a77ee36f07b2ec9c6',1,1,'MyApp','[]',0,'2019-05-21 22:39:50','2019-05-21 22:39:50','2020-05-22 06:39:50'),('5c2ab1833a10f865e107f386bafc8ea2e01f860f0b42601fd5764012f1faaea86bad4673d5e79ea4',1,1,'MyApp','[]',0,'2019-05-21 22:37:13','2019-05-21 22:37:13','2020-05-22 06:37:13'),('5d8fc7a6e37c4b1bf66a8a2a30133ffcb66c9ccabe2a93aefc867b40ac8d65ae80387da4fc676084',4,1,'MyApp','[]',0,'2019-03-11 00:29:06','2019-03-11 00:29:06','2020-03-11 08:29:06'),('5dabec244d64604e7b0cdba1a3f5f26714bb60bd3108908bb14153f8527bf862e18ba80b72af3940',4,1,NULL,'[]',0,'2019-03-11 01:22:04','2019-03-11 01:22:04','2020-03-11 09:22:04'),('5e89bc313f693bdc82ba74b25a773d5a5d559d6fe6c12dc5b8cc891fb1cf8e10189eaa9b14de2a14',1,1,'MyApp','[]',0,'2019-05-09 22:39:44','2019-05-09 22:39:44','2020-05-10 06:39:44'),('5f018e7eb406ca4e83782279519a5ba98c998231e1d41242129a76eb6f7696b19b9cded78e5b4289',4,1,'MyApp','[]',0,'2019-05-27 03:32:24','2019-05-27 03:32:24','2020-05-27 11:32:24'),('5f7aa376c598b78e029c0eece5055137aaa59b4ef9389a77aff97b64715a1c38b2723e11af520fd7',1,1,'MyApp','[]',0,'2019-05-22 23:51:58','2019-05-22 23:51:58','2020-05-23 07:51:58'),('5fa2bef13aff7e4497d8edd7990067ff5220674472ca9fbc128f95eb9a4240cd792162585ac5d366',4,1,NULL,'[]',0,'2019-03-10 23:36:33','2019-03-10 23:36:33','2020-03-11 07:36:33'),('60cc9bc2c7072995faaa4e1d90f85da5bc37052a87b0c893731842ba7d3d1ea578d9524075475d38',4,1,'MyApp','[]',0,'2019-03-11 00:03:23','2019-03-11 00:03:23','2020-03-11 08:03:23'),('60ffe1b69901be33145d41a0f4a5ee71dd2bf4071ee648dad65bc23755538b44256eb7d197bedfc9',1,1,'MyApp','[]',0,'2019-05-09 17:17:39','2019-05-09 17:17:39','2020-05-10 01:17:39'),('61619358da5ef81ed49e8e8bac80943720603783a25dc27a5cb7bd74aba6458c8a619b3bc242742e',4,1,NULL,'[]',0,'2019-03-10 23:40:58','2019-03-10 23:40:58','2020-03-11 07:40:58'),('61982a39966660429510ff71ef1ab1491e16c98ae2ffc6be7ec27b0544f6da33974b9b77503bce0b',1,1,'MyApp','[]',0,'2019-05-20 17:41:10','2019-05-20 17:41:10','2020-05-21 01:41:10'),('61a8291db6b8d9c8e542d501057e2d7fc6b802a0cbddf445c5401dff6a5bf679f7f414f391e30e31',4,1,'MyApp','[]',0,'2019-03-05 19:22:13','2019-03-05 19:22:13','2020-03-06 03:22:13'),('61e65f4d94732b64f5ebdfc350d73a940e2af2bf7ae4057fbf184ebb65703a80f9e3ce2ed128ccfe',1,1,'MyApp','[]',0,'2019-05-09 21:53:35','2019-05-09 21:53:35','2020-05-10 05:53:35'),('61f1606d0fe88e1384a2b22d346423d4c136c8144740d647ba22840351294d13dba4ea41ae647fa7',1,1,'MyApp','[]',0,'2019-05-10 00:27:27','2019-05-10 00:27:27','2020-05-10 08:27:27'),('62a62baeb25cdde36c0f67507befbd2c93aa128b7aa7f528fdcc095539dd780c8e13ed32d7619126',1,1,'MyApp','[]',0,'2019-05-10 00:11:51','2019-05-10 00:11:51','2020-05-10 08:11:51'),('62af85d7c396b1ed17be0a75edab02725fe507fc8573d5078ca768269afa9ed2215d554c9b096759',1,1,'MyApp','[]',0,'2019-05-08 19:30:23','2019-05-08 19:30:23','2020-05-09 03:30:23'),('6387cd067e22c22b8de451ad51157e3e1c93cb93ab305c4bcfddad9ddb29d03db31b511a0276076d',1,1,'MyApp','[]',0,'2019-05-23 00:09:14','2019-05-23 00:09:14','2020-05-23 08:09:14'),('63cef5bd6f7dff7b2c17c85aed8b83e33ac5e38b6bd54c8007d80a92b94a842d0e7e82c2081b014f',1,1,'MyApp','[]',0,'2019-05-22 23:54:47','2019-05-22 23:54:47','2020-05-23 07:54:47'),('64954487c4509a3088ffa1dd293a3814cf84abb7a22fce478edfb7575e01376384fd9b8b057b903a',5,1,'MyApp','[]',0,'2019-05-08 01:36:15','2019-05-08 01:36:15','2020-05-08 09:36:15'),('651ce97a58403eb7c7f5fd85bee11e41291b25cd1e3942b5d8eb415eb306c3a83aad933cfa7b821a',1,1,'MyApp','[]',0,'2019-05-08 23:30:29','2019-05-08 23:30:29','2020-05-09 07:30:29'),('65a3146763b685837a41f4a9b82b315a6e36f39978a21ded15ceec987206471e83efc6ed82010ca1',1,1,'MyApp','[]',0,'2019-05-22 21:58:05','2019-05-22 21:58:05','2020-05-23 05:58:05'),('65c312f43ebb9c3f122e31e50385ce7f0c1bf10bcf856e544cdc18ee207ef8e11f857798009f2db0',1,1,'MyApp','[]',0,'2019-05-22 19:16:50','2019-05-22 19:16:50','2020-05-23 03:16:50'),('6615f2433433e72ef09463e9af64912882518c84c494a696e470be33e52af76554d38dddda6d9656',1,1,'MyApp','[]',0,'2019-05-08 22:59:30','2019-05-08 22:59:30','2020-05-09 06:59:30'),('662af972328f8b4a66b16b85ed423724daa5e7bc702a7a2c5a8e9c452a103f6710857c0a8e1f0770',1,1,'MyApp','[]',0,'2019-05-08 23:27:01','2019-05-08 23:27:01','2020-05-09 07:27:01'),('6721873e531015fdc674dde37056b569185060ea68140dcd56751b6628f3b86a381e971fb4521953',1,1,'MyApp','[]',0,'2019-05-09 23:16:50','2019-05-09 23:16:50','2020-05-10 07:16:50'),('67445c07136f5d42b0c010e31ac43e38d2c09051c8754c2947cbebf22450d6a6b5e8a89a120b280c',4,1,'MyApp','[]',0,'2019-03-11 01:59:07','2019-03-11 01:59:07','2020-03-11 09:59:07'),('6761e9c71e574cd83619bf803dca1ad8111dbf5a003a77e801c74bf1fb34630014be1d95bdf5cba6',1,1,'MyApp','[]',0,'2019-05-08 23:34:07','2019-05-08 23:34:07','2020-05-09 07:34:07'),('682f7cf79b0b6091f28e7b795a93c1598b8360b59f1ae296dc569cc9ac154494e2eb73d2f1dd70b9',1,1,'MyApp','[]',0,'2019-05-22 23:13:47','2019-05-22 23:13:47','2020-05-23 07:13:47'),('6b12b07ca2f93f46e759d57137814189150a46ff0c59af87e4c626500b4ed9223290f4327bf626be',1,1,'MyApp','[]',0,'2019-05-08 22:52:01','2019-05-08 22:52:01','2020-05-09 06:52:01'),('6dc67b32e0c60353e7b399c05941ea6528f3859110463798f2750a7a1fa6e039e76503c2fcb5f2f7',1,1,'MyApp','[]',0,'2019-05-23 00:06:02','2019-05-23 00:06:02','2020-05-23 08:06:02'),('7090ef586adada4779d75ec7a79fe164d839e8fa5de6804dc9c623c1d817625b1669829a75d37685',1,1,'MyApp','[]',0,'2019-05-21 22:39:50','2019-05-21 22:39:50','2020-05-22 06:39:50'),('71646d3e24b71701ea3d9ee01b45def9e7abc526ffe6c43e4c19d70c12e98e6f07985d4f9c8f5aba',1,1,'MyApp','[]',0,'2019-05-21 22:47:30','2019-05-21 22:47:30','2020-05-22 06:47:30'),('716879535a2a1cb59dfb6eab7c13d35c5257e20bb3286bff4e353c2ecfec7c5c09ddef9cd17db925',4,1,'MyApp','[]',0,'2019-03-11 00:22:22','2019-03-11 00:22:22','2020-03-11 08:22:22'),('71b836f41a282f03572e3a37441e7ca0ddcf5c743723d424beb707420e4e18c71af5d0a82d811690',1,1,'MyApp','[]',0,'2019-05-09 22:22:04','2019-05-09 22:22:04','2020-05-10 06:22:04'),('71bd696d9e4b7c9b54a045f01fc22e19a488b45ea347b16cf563c3eea505ef78f4fb734a20d353cc',1,1,'MyApp','[]',0,'2019-05-08 23:40:37','2019-05-08 23:40:37','2020-05-09 07:40:37'),('71fd4be4d7ffdbd7d5222a087fa42b0334242d784aa0ed02b866db60acc99f2e52d1a7de0c7258df',1,1,'MyApp','[]',0,'2019-05-09 22:37:17','2019-05-09 22:37:17','2020-05-10 06:37:17'),('725d586988c3295a57cacbe0aab9e321f2db2209d71696306549a3c4b1d8f720190efcf71f34fdf0',1,1,'MyApp','[]',0,'2019-05-21 22:21:41','2019-05-21 22:21:41','2020-05-22 06:21:41'),('72e6fa8860539fd030549b7cffc7832b1c55ceb4bd245f01ab68eefc20c8c16401239cdfcdb1ceed',1,1,'MyApp','[]',0,'2019-05-08 22:59:30','2019-05-08 22:59:30','2020-05-09 06:59:30'),('72ff3d8f396548ef1e58f127792b6924ca9f7b611538cc2c165557f0f991256c5a3f922b87eb265d',1,1,'MyApp','[]',0,'2019-05-09 22:38:27','2019-05-09 22:38:27','2020-05-10 06:38:27'),('7418017db14cb1c283ba28d7ed19ed57723ef5fd33d4916938aa434ed95f8822d0dd16aabdc1639c',1,1,'MyApp','[]',0,'2019-05-22 19:33:10','2019-05-22 19:33:10','2020-05-23 03:33:10'),('747e2efbcd9166d582585ddd902be3ce0f526df03bf90e573fc30848d81154f8af2844451d681068',1,1,'MyApp','[]',0,'2019-05-23 00:45:08','2019-05-23 00:45:08','2020-05-23 08:45:08'),('76316c6883851ad8a852aac32f890577ea985ca6f523737cdc1cc26f71ed122f81ebd61aed6c3eff',4,1,'MyApp','[]',0,'2019-03-11 01:24:41','2019-03-11 01:24:41','2020-03-11 09:24:41'),('76d669c64e050678c78fe5de562dfee5c0389004dbad18f72a4c317917b80d1b1e19265f3a66b559',1,1,'MyApp','[]',0,'2019-05-22 19:33:10','2019-05-22 19:33:10','2020-05-23 03:33:10'),('774def32dfabc12b9171b370a1d0e4a0a0b17c55050d9d330bc92346bdad3ac8bc860456b59ec79e',1,1,'MyApp','[]',0,'2019-05-21 23:54:19','2019-05-21 23:54:19','2020-05-22 07:54:19'),('78e0dd707fb423ba5590cc4db8ca74ef12859e9916bc7b8b7a96010f67664dcaa9b709fd6f444417',1,1,'MyApp','[]',0,'2019-05-08 23:31:04','2019-05-08 23:31:04','2020-05-09 07:31:04'),('79850fe25b3528bd2a7ac418618baaf4ee6c41fba1c48b84d914794ef5ac52984a3b158f78842fd1',1,1,'MyApp','[]',0,'2019-05-21 23:13:33','2019-05-21 23:13:33','2020-05-22 07:13:33'),('798b0f6df6099934567baf04b945bb3e507a87713aba73c261a8c245e376a15fcaa65bcd2b1a7a1e',1,1,'MyApp','[]',0,'2019-05-22 19:24:42','2019-05-22 19:24:42','2020-05-23 03:24:42'),('79af700bc29e628b4b393a7487c7050a53961f1633d817a8ece98c8724eedfb0add09ab2276ded10',1,1,'MyApp','[]',0,'2019-05-08 23:31:45','2019-05-08 23:31:45','2020-05-09 07:31:45'),('79b08e2114d634b790908ace2f1770d065c2130fc7a40bf4c315dda8d808a0b386e232100183ab70',1,1,'MyApp','[]',0,'2019-05-16 00:50:39','2019-05-16 00:50:39','2020-05-16 08:50:39'),('79ee0c7f2e984e0c64acffeefdcd3a60f9d13f71e4945ad43f720298bc961fd40ee74404310837e8',4,1,NULL,'[]',0,'2019-03-11 01:37:12','2019-03-11 01:37:12','2020-03-11 09:37:12'),('79ffe33c2a8e2e9ecefa54a834175545e037062f721ee1e916be24a0c0c655e7e73b6b46470ca650',1,1,'MyApp','[]',0,'2019-05-23 00:37:58','2019-05-23 00:37:58','2020-05-23 08:37:58'),('7a495d98613e8f6e2e359ab19ffa5608e29b82c78afb785b208e554c5215327a9aa70f9059d89207',1,1,'MyApp','[]',0,'2019-05-21 22:55:01','2019-05-21 22:55:01','2020-05-22 06:55:01'),('7b968811cc0f55d8b1866f13f74b7a56d52d57b2facdd7aef00d6bf65e3e0f705cb3716f8b0548ac',1,1,'MyApp','[]',0,'2019-05-08 23:31:45','2019-05-08 23:31:45','2020-05-09 07:31:45'),('7bbe5b8cd1be3467c0151084d01d14fbbf38a05bd1c0a404b45a35db843a6cd876b7ff04e7826506',1,1,'MyApp','[]',0,'2019-05-09 00:54:58','2019-05-09 00:54:58','2020-05-09 08:54:58'),('7bdef8fbaaa2d8b36e01b08d2e58196dd9f1aa16dddddbe28d5315c57668251f628cbeec51e1f5d4',1,1,'MyApp','[]',0,'2019-05-21 00:57:31','2019-05-21 00:57:31','2020-05-21 08:57:31'),('7cb224a0217d41a22b7b56b464f23b29dfca7501fc5e4fb7bd1588299f00da73fe6bf3e32f5bb15c',1,1,'MyApp','[]',0,'2019-05-23 01:18:01','2019-05-23 01:18:01','2020-05-23 09:18:01'),('7d5f216ea35a805670f3eb8f1e846755ff5a9c948a9841f4f68e32df43d45fcd6db7f523af67bed8',1,1,'MyApp','[]',0,'2019-05-23 00:03:51','2019-05-23 00:03:51','2020-05-23 08:03:51'),('7d65dca04a5e8b0ab1cadf11d2b91d1f663d4ade04e0795186b0f2cff132830b33a127fa55e5221c',1,1,'MyApp','[]',0,'2019-05-09 17:16:52','2019-05-09 17:16:52','2020-05-10 01:16:52'),('7da9a00a25039ff721d55bd2e1d40eb36e2d26d2673a581bf01f8e1a89580971f982d134a3f99d0f',1,1,'MyApp','[]',0,'2019-05-22 19:21:09','2019-05-22 19:21:09','2020-05-23 03:21:09'),('7ea1cd5849cf00f460682962cc3e8b636e7990c7bc0ed6656a3050f38bd2f0ff169a153c8b379e27',1,1,'MyApp','[]',0,'2019-05-22 23:50:10','2019-05-22 23:50:10','2020-05-23 07:50:10'),('7ed5e037a9bac2c980819e35e55c9ad88ecb4d27a2b85f7b15d605331981edae9ec57b14a4f9be5a',1,1,'MyApp','[]',0,'2019-05-09 22:49:23','2019-05-09 22:49:23','2020-05-10 06:49:23'),('7f721a3f1677c0a8bc3cd5b07972966a36f7fc72e11fc89b2a0a6ceeed6c6adb4e8955051f5273f9',1,1,'MyApp','[]',0,'2019-05-21 22:40:18','2019-05-21 22:40:18','2020-05-22 06:40:18'),('80b141902574022047f00528829f9853d8c0b3627b512a9d7ca0e319cb5c131d8216c00572a5dc1f',1,1,'MyApp','[]',0,'2019-05-09 23:20:33','2019-05-09 23:20:33','2020-05-10 07:20:33'),('80cd1b7ce4f67558da812c5fbe6c984e24bfb5e716b9694f05369c4a638bbea872ceb5ed4624e0ab',1,1,'MyApp','[]',0,'2019-05-21 23:13:33','2019-05-21 23:13:33','2020-05-22 07:13:33'),('81e74ed2d4e559fb9d69348583845488725e5290682417e33527557fa56e6fc00bfc8bc97aa49476',1,1,'MyApp','[]',0,'2019-05-22 22:51:58','2019-05-22 22:51:58','2020-05-23 06:51:58'),('8260d1ed5cf5baa0ce7ec8ff7a3c566af89554198f04669219dce171dba3b8254dea85c848e39315',1,1,'MyApp','[]',0,'2019-05-22 23:16:30','2019-05-22 23:16:30','2020-05-23 07:16:30'),('82c64f8cda5ae84ba6ce31a23f06a63203be6c4b872d5e6f3735a4c5cefdb55d8e993d2dcb03da4b',1,1,'MyApp','[]',0,'2019-05-08 22:53:03','2019-05-08 22:53:03','2020-05-09 06:53:03'),('82fe5164f94a2946e2ca4b24c9769b2b6abe84f0d2bfc5db1d5ab8dbc38a7770a404c5c197297e31',1,1,'MyApp','[]',0,'2019-05-16 21:41:34','2019-05-16 21:41:34','2020-05-17 05:41:34'),('830e8eb52e060aff1eff5d8b0b2eff55409740889896e4303868bea72e71da04a64ed62d591fbb71',1,1,'MyApp','[]',0,'2019-05-09 22:35:57','2019-05-09 22:35:57','2020-05-10 06:35:57'),('84747c50e1c0ab0d66b5f88afa5bb8e9520e37b1a7936ed0cc80b60088b38aea2f73aef0d9c8d174',1,1,'MyApp','[]',0,'2019-05-09 22:50:53','2019-05-09 22:50:53','2020-05-10 06:50:53'),('848bf0db896261d0e66c4ed64e9ea905f7b3de2903609589af50e3b0c78780d3bfed73fd0560b75d',1,1,'MyApp','[]',0,'2019-05-21 23:58:19','2019-05-21 23:58:19','2020-05-22 07:58:19'),('8607670acc12320bca445c7a76c07f7674724e6cb79e0d8d2310e4e21e926163af150ba253f2b8af',4,1,'MyApp','[]',0,'2019-03-11 01:24:49','2019-03-11 01:24:49','2020-03-11 09:24:49'),('869be045e2c609d64f12ea095809ac1fb77bd687e5017a015f255bbb6bc231d0b88bc341e168534c',1,1,'MyApp','[]',0,'2019-05-22 22:01:40','2019-05-22 22:01:40','2020-05-23 06:01:40'),('86ea8d780a03369c5762c6a892a00813fb781bfb8531f12591594415e1123f4e8a122717bf0d03e0',1,1,'MyApp','[]',0,'2019-05-22 23:47:04','2019-05-22 23:47:04','2020-05-23 07:47:04'),('86fe811271c2761600773743d40a61cc2517e73a279454f7e5e7a108a1d7e33211180a0b468a775b',1,1,'MyApp','[]',0,'2019-05-22 23:50:10','2019-05-22 23:50:10','2020-05-23 07:50:10'),('873f659ca2534a815aba2229ae15c4807577f67996d5565cdc061e2a1c7b0930e6bc0065975211cc',1,1,'MyApp','[]',0,'2019-05-23 00:12:26','2019-05-23 00:12:26','2020-05-23 08:12:26'),('8747bf4ed604695e611ab4421dd55b7948e57f7341baadc04cdbaba2d5a2d571a5753b417ca3fb58',1,1,'MyApp','[]',0,'2019-05-23 00:02:52','2019-05-23 00:02:52','2020-05-23 08:02:52'),('8776559b32f842196472b8e0d74657531d745b304e433b4b40bacdb4fe73561c3b4331a341e643dc',1,1,'MyApp','[]',0,'2019-05-16 00:38:57','2019-05-16 00:38:57','2020-05-16 08:38:57'),('87dd62b57ffa383cd1ead9e90e995512aebd66b18a362424da853407be3ca8b0dba8f3513a460508',1,1,'MyApp','[]',0,'2019-05-23 00:15:19','2019-05-23 00:15:19','2020-05-23 08:15:19'),('8865eaef91d1be37c2e7b98f930c165a6c87de667d25d168d3b1662c72fdd5f07b0aff1dea25d28d',1,1,'MyApp','[]',0,'2019-05-21 22:47:29','2019-05-21 22:47:29','2020-05-22 06:47:29'),('892d66f74468c25e2d5f9c77f8e887b7c160572a58cbd14416df66eb443f97c9d450d9c33ffcfe0a',1,1,'MyApp','[]',0,'2019-05-10 00:28:37','2019-05-10 00:28:37','2020-05-10 08:28:37'),('8ad90bd46b09ab9e2d00fe66265ee909604786bb7501daba6f74a8afb0550b119db33a2f666875be',2,1,'MyApp','[]',0,'2019-05-08 00:13:06','2019-05-08 00:13:06','2020-05-08 08:13:06'),('8addfb640a3545341d962c1b46631aa6075c6e4eed7e921a882c1c2c7c66aa04992a741af6e3c895',1,1,'MyApp','[]',0,'2019-05-22 22:51:58','2019-05-22 22:51:58','2020-05-23 06:51:58'),('8b4df1ccac78b6764dd32fab0a115e413e9e3f32ef318234530a604b8cae8ffd8c7c84bdab7164a7',1,1,'MyApp','[]',0,'2019-05-21 00:58:42','2019-05-21 00:58:42','2020-05-21 08:58:42'),('8b7dd2af61422e27289e0f427343d48d2dece9b94fc991094225083c6e02add23185b93386d9299d',1,1,'MyApp','[]',0,'2019-05-08 23:10:10','2019-05-08 23:10:10','2020-05-09 07:10:10'),('8d07fd4b416757bdde5b5cbac467b1836c5fe544e5dab98353961217e20395698c363a01e1d49ddc',1,1,'MyApp','[]',0,'2019-05-09 23:24:02','2019-05-09 23:24:02','2020-05-10 07:24:02'),('8daa88d5fc10ffccf8955b6c3437af50696b4d6b0aea299e451b7239f89a183c17aa7962fa0ac755',1,1,'MyApp','[]',0,'2019-06-09 23:57:31','2019-06-09 23:57:31','2020-06-10 07:57:31'),('8df818c7929863e15c390c2d2a4fdb8e4471a004ea1a1037f99a1ac0ef43695e5774e24e7ec3100d',1,1,'MyApp','[]',0,'2019-05-08 23:35:44','2019-05-08 23:35:44','2020-05-09 07:35:44'),('8e80e565c92413312c09ac17bded0f7b0db101a69d63e67122442d693ac689f9cf15ebaef01a9e54',1,1,'MyApp','[]',0,'2019-05-22 21:56:48','2019-05-22 21:56:48','2020-05-23 05:56:48'),('8f07908639580c7008ca543095c83fde7593b853db62ea4159311149f115119b7f9aa9d2ecb255d2',1,1,'MyApp','[]',0,'2019-05-22 23:59:07','2019-05-22 23:59:07','2020-05-23 07:59:07'),('8f43d1e3c12c83634e30e393201090938824d293c0eaa27072b303bc8dcf42753e0abd6ef2c20b8f',1,1,'MyApp','[]',0,'2019-05-09 17:18:04','2019-05-09 17:18:04','2020-05-10 01:18:04'),('8fd51bb1af099687a9b9078de48e4ee911f31ab3bb73104c46d33de0655a336e02cd06a20fc89764',1,1,'MyApp','[]',0,'2019-05-21 00:57:31','2019-05-21 00:57:31','2020-05-21 08:57:31'),('90402c9455a4bbbd0cae95f2d93e4f66b8a63d4872aeb6542c27d694ff0a84e9de656a749ca5efb4',4,1,'MyApp','[]',0,'2019-03-10 23:54:00','2019-03-10 23:54:00','2020-03-11 07:54:00'),('91289dc6d54050e4b5d1ae0c87bf3109126f953315f0c2a5797bb7a25848e7dc65e21579cc723f64',1,1,'MyApp','[]',0,'2019-05-08 23:36:48','2019-05-08 23:36:48','2020-05-09 07:36:48'),('91aa08b6028d09a9451866d515acc3a6e849db324705cf38840384776942f3aefb3d269cf2c010e3',1,1,'MyApp','[]',0,'2019-05-08 23:34:07','2019-05-08 23:34:07','2020-05-09 07:34:07'),('91f408628a93cb1aeb25d14a2b181ff10c2a608ac32fa07cdf5e5324ed3f642f8033e7a4afbce836',1,1,'MyApp','[]',0,'2019-05-10 00:30:11','2019-05-10 00:30:11','2020-05-10 08:30:11'),('928ee44918d0ff9e0ca88231989cbe35d51a9efa83fa2e4cc8c2e234d979afc2352113d035a13efb',1,1,'MyApp','[]',0,'2019-05-10 00:27:27','2019-05-10 00:27:27','2020-05-10 08:27:27'),('9315b2ac41ccaecf6d82006e0b9e499876f23fa60b32bd40e9b9336e738ef28f15df4756113058f6',1,1,'MyApp','[]',0,'2019-05-22 22:58:08','2019-05-22 22:58:08','2020-05-23 06:58:08'),('941197ebd22de42c888f6a7f5f8e7e306a249f8164b3ab8ccc4b82c77cdd32819c69f86879d61511',1,1,'MyApp','[]',0,'2019-05-23 00:14:02','2019-05-23 00:14:02','2020-05-23 08:14:02'),('94b6b6e5a2e188e32535152be1b773bc1eb4d39fce98fe9cd7d8e7c81097a1b4e80e2fc331028fa1',1,1,'MyApp','[]',0,'2019-05-21 23:16:20','2019-05-21 23:16:20','2020-05-22 07:16:20'),('94c06349d6c26a063ad93d1f6a791b357b91a8f43658bbf90d02e8a580c712d1d26adc48ae6447c7',1,1,'MyApp','[]',0,'2019-05-09 22:39:43','2019-05-09 22:39:43','2020-05-10 06:39:43'),('95b156ec6b34af2db97df5e4c3c23b719eedf366a4cf7ebc2f8af94da703f5e5a7b20b56a32dca1d',1,1,'MyApp','[]',0,'2019-05-08 23:35:44','2019-05-08 23:35:44','2020-05-09 07:35:44'),('96a2d33bdad9375921d241da94a3ce05c1c213744845111f95ae3ff610f0e3cc95208c9536d8404a',1,1,'MyApp','[]',0,'2019-05-22 19:32:30','2019-05-22 19:32:30','2020-05-23 03:32:30'),('96f520dd5cdee18850e8fa1d7cdd10766759e056233f75925f5a51648764c418c63bdde5a5e0881d',1,1,'MyApp','[]',0,'2019-05-09 23:15:02','2019-05-09 23:15:02','2020-05-10 07:15:02'),('9766b39cb3af6f57692efc5671c059dd4b136e0be3c88a6f2a5eedd8b03f55ee01d723a91e5407b3',1,1,'MyApp','[]',0,'2019-05-27 17:17:32','2019-05-27 17:17:32','2020-05-28 01:17:32'),('97d029534a8db9d7afd27383e42008f928cb70946915e3b8e99a81f14df0966317e9c34fd50a6aad',1,1,'MyApp','[]',0,'2019-05-22 22:01:40','2019-05-22 22:01:40','2020-05-23 06:01:40'),('9852dae1cc4431b741bb222249d4c6801e61f3acabb129c57426594bf2867e49338a03339ce9367b',1,1,'MyApp','[]',0,'2019-05-22 23:13:14','2019-05-22 23:13:14','2020-05-23 07:13:14'),('988d226f3dfb67397d642804ae3a954708ee8e3ee34f3738bb50e0086668068f3118eda53263f714',4,1,NULL,'[]',0,'2019-03-10 23:47:51','2019-03-10 23:47:51','2020-03-11 07:47:51'),('98d5de1cb19f5cb9bf1f799e65f28d90ed09acf5e41b6c03017c40f9ea39f26c3917e4b4614eb599',1,1,'MyApp','[]',0,'2019-05-09 17:16:52','2019-05-09 17:16:52','2020-05-10 01:16:52'),('99432628d8e9255d46cbc87fd0f6c065fce7542892f5496b6bcb87b22e6691404cdb58ba1be9f6be',1,1,'MyApp','[]',0,'2019-05-09 23:18:14','2019-05-09 23:18:14','2020-05-10 07:18:14'),('995e863fc9e9a9301be87615cefb9a7a58cc07de67e879183e445b5aae92a92b6af366a3aa6bd391',1,1,'MyApp','[]',0,'2019-05-22 00:00:45','2019-05-22 00:00:45','2020-05-22 08:00:45'),('995f7621fbf1ca7093ec2d69941337a1a48e4907b0b16c1cef4dad57d0484bab8249bba3e27af80e',1,1,'MyApp','[]',0,'2019-05-23 00:06:39','2019-05-23 00:06:39','2020-05-23 08:06:39'),('9987bd6045d4e6d438ed585f7e406d166ea1b26a4c2c715a0b2fc774066f917fc6c0531c7c4a38e2',1,1,'MyApp','[]',0,'2019-05-22 21:54:46','2019-05-22 21:54:46','2020-05-23 05:54:46'),('99c5399b904d894bca36da61385681c2f64919f0dd9509dd91ab1aacfb3a4a25aea93a2477867595',1,1,'MyApp','[]',0,'2019-05-21 22:55:51','2019-05-21 22:55:51','2020-05-22 06:55:51'),('99f0efa0c0c5c8e0bce89f3c59bc19aa63d327f6af5b7647f1593cdbfc64ad40022892e050071293',1,1,'MyApp','[]',0,'2019-05-22 23:57:55','2019-05-22 23:57:55','2020-05-23 07:57:55'),('9a82749160cc48a4878614827699e9e4dc426069300afa174c9e2ea2b453e2258c9ad9ce4e62b055',1,1,'MyApp','[]',0,'2019-05-22 19:19:09','2019-05-22 19:19:09','2020-05-23 03:19:09'),('9a99aa9f28d5cd7ef69017a08ec766f377bc455b554400ef8fd10050e899534fe9de7472ffc9812c',2,1,'MyApp','[]',0,'2019-05-08 00:24:44','2019-05-08 00:24:44','2020-05-08 08:24:44'),('9ba7998ad297055c617f7a94b8d0d2a32211574dd0a6839a2ef223c0c3f35e9df0f4db8316216ec6',1,1,'MyApp','[]',0,'2019-05-23 00:45:08','2019-05-23 00:45:08','2020-05-23 08:45:08'),('9e1008416bd804aabd5fbbfd97a6ea55c69a617e59285bd1c25ed99dfa6ba04d3b9345024df452e9',1,1,'MyApp','[]',0,'2019-05-20 17:41:10','2019-05-20 17:41:10','2020-05-21 01:41:10'),('a06766c3c353ffb03270076fd4637c0efa74458653ec6bc00e5533a47c1cfe6b8236fb61cf1f1e57',1,1,'MyApp','[]',0,'2019-05-09 23:19:37','2019-05-09 23:19:37','2020-05-10 07:19:37'),('a10baa78935b949b4b805fad6f4ab5580339389dac7fa00e0d6de461cf6b8cfc5fb933cbb38468c2',1,1,'MyApp','[]',0,'2019-05-22 19:24:42','2019-05-22 19:24:42','2020-05-23 03:24:42'),('a167b96797780fbd16f79791595b704dc1892c1fca1d946933736bb6c4ec3b6a418931ef1ae27d7e',1,1,'MyApp','[]',0,'2019-05-22 21:56:48','2019-05-22 21:56:48','2020-05-23 05:56:48'),('a1e4466fc94a3078b6e66828b939f136091d2fc9c87309c0c4d0f4f11769c0c9c2fda2612ed34369',1,1,'MyApp','[]',0,'2019-05-21 22:20:27','2019-05-21 22:20:27','2020-05-22 06:20:27'),('a2300ef8e030ac0441bc02f7af4b0ae27dd0c8c0856f6ea55e453212560dc165640d29936a5807d4',1,1,'MyApp','[]',0,'2019-05-22 19:29:55','2019-05-22 19:29:55','2020-05-23 03:29:55'),('a24f19a3165ee7f685fd0347cf73326831f38cdf3fc9f31cae8df731b63b4672a414b735a2441fe2',1,1,'MyApp','[]',0,'2019-05-08 23:30:29','2019-05-08 23:30:29','2020-05-09 07:30:29'),('a33cd82af6a8605c398dad1cf0c2ab93ce4d7775a9877a0240dceee0ce019c98e7e33373ca494d12',1,1,'MyApp','[]',0,'2019-05-23 00:01:57','2019-05-23 00:01:57','2020-05-23 08:01:57'),('a3e1d82993dd001798c57640c40483f08aaab7aa5df85b1a6983458d6bb36d2d655ef75474c6c898',1,1,'MyApp','[]',0,'2019-05-22 19:27:16','2019-05-22 19:27:16','2020-05-23 03:27:16'),('a403585ddde84796b6e8244424dd83928c077b3b30d96f6d2f93536a18461bdfee77980d2f016ce2',4,1,'MyApp','[]',0,'2019-03-10 23:58:52','2019-03-10 23:58:52','2020-03-11 07:58:52'),('a574a070add8cdd2a2936bff1aae933bed118a34670e568a0e22d52f7effa84cd32c10327c63c0ed',1,1,'MyApp','[]',0,'2019-05-09 00:07:14','2019-05-09 00:07:14','2020-05-09 08:07:14'),('a5942352fb72f735f4b6924562bcd2ced94fe24a4be3deb7c272bb30a6fc3906df8b47b615dea3e1',1,1,'MyApp','[]',0,'2019-05-09 22:49:23','2019-05-09 22:49:23','2020-05-10 06:49:23'),('a5cbcdd1558f522da23f9911e482e04d5e1a260824af3636d00e15e10a2e2014afeb06ad627ae4fd',1,1,'MyApp','[]',0,'2019-05-08 23:09:21','2019-05-08 23:09:21','2020-05-09 07:09:21'),('a5d01d2be944017e23fa60ebe9264c6504af11df8a4ba1c740129011496582f8cafc9d4a8615e993',1,1,'MyApp','[]',0,'2019-05-09 21:54:18','2019-05-09 21:54:18','2020-05-10 05:54:18'),('a664df0c9a9b83fedbf7c31aa87b7962204d1e2c00bab081925b31b2411111a5f12b90ec40414129',1,1,'MyApp','[]',0,'2019-05-22 19:27:16','2019-05-22 19:27:16','2020-05-23 03:27:16'),('a6761a46abc767f2fb2366daee29b7341a6af5b92d69dfc72501c4c31562606ea05c5d770818d738',1,1,'MyApp','[]',0,'2019-05-09 00:54:58','2019-05-09 00:54:58','2020-05-09 08:54:58'),('a6a559b18440c2565573f66cb8084debbae8915d8300175ddc83007125d7728e10f3bc8475949cf0',4,1,'MyApp','[]',0,'2019-03-11 00:19:35','2019-03-11 00:19:35','2020-03-11 08:19:35'),('a6f595063bc0b5a1d6ffa46aea59e959c0bdcddd60b1e630f0a28e300291825b1efa2bd602e8d04a',1,1,'MyApp','[]',0,'2019-05-08 23:41:32','2019-05-08 23:41:32','2020-05-09 07:41:32'),('a743e14ca0b27058a4ab199121adcd74bd34f66d154eb64e524be6d1a4af638a57376325c2719fd9',1,1,'MyApp','[]',0,'2019-05-23 00:11:15','2019-05-23 00:11:15','2020-05-23 08:11:15'),('a813e62621d6c7389eae2ca30347a8a4329668815cd67637a9d647ee11a0dad43c88405f643a1aab',1,1,'MyApp','[]',0,'2019-05-09 22:37:17','2019-05-09 22:37:17','2020-05-10 06:37:17'),('a9867ee8f0ba55c0a98f9c7cc4c2dfa2cd42ee6deba0d9200f8bfa0fee978563c8f2ac30b4b3ff69',1,1,'MyApp','[]',0,'2019-05-23 00:26:43','2019-05-23 00:26:43','2020-05-23 08:26:43'),('a98912038d1a98eeb5afd8df32080af4614260abcbb365e1fa01adc4850fbf92cca58a16bba17deb',1,1,'MyApp','[]',0,'2019-05-22 23:47:04','2019-05-22 23:47:04','2020-05-23 07:47:04'),('ab0900608d3e37a8c635c8852bc07c09c83e95f80a89e86927768aa686ec4a509714903d8800cb56',1,1,'MyApp','[]',0,'2019-05-22 23:55:46','2019-05-22 23:55:46','2020-05-23 07:55:46'),('abc58c0b7a01b3b4ffa065f50df7ce525ef5cc2d6a5e7328e3fc067aa17450f9e3804eaa2d4da1cc',1,1,'MyApp','[]',0,'2019-05-23 00:15:59','2019-05-23 00:15:59','2020-05-23 08:15:59'),('ac68b7c8ff148455f14757d2c7eaf2b3a22118db10a218a9e908063e229b30a2c1d40a3dc604f1d1',1,1,'MyApp','[]',0,'2019-05-09 22:15:30','2019-05-09 22:15:30','2020-05-10 06:15:30'),('ad19a8ba42fb6e4793d8f7a19798b2a23c8e0d024c82705ef740f984c8a93409662a79d6117b4793',1,1,'MyApp','[]',0,'2019-05-10 00:34:17','2019-05-10 00:34:17','2020-05-10 08:34:17'),('ad57e531a6d04b21cffb38b0470ce2643e77c936543be784e942cbcf9c159a6f9f41302bb0d4aa96',1,1,'MyApp','[]',0,'2019-05-09 22:47:27','2019-05-09 22:47:27','2020-05-10 06:47:27'),('adaca5cd48e43abb3b1679222c39393510fe895d96483f5e216fff3e19d2e37cc5c211e312dfab3e',1,1,'MyApp','[]',0,'2019-05-22 19:30:51','2019-05-22 19:30:51','2020-05-23 03:30:51'),('ae075a41165b03d34f12c23b75f8c49fd8afb8bddf2a75d6dd6547782c632344fb17503ef9887f11',1,1,'MyApp','[]',0,'2019-05-08 23:33:35','2019-05-08 23:33:35','2020-05-09 07:33:35'),('ae08c0a95dcac94e9a1ed6c896137b85dbc4f451fdf115239925455ccefbd5a2df66c0ca6f31dc26',1,1,'MyApp','[]',0,'2019-05-20 01:10:46','2019-05-20 01:10:46','2020-05-20 09:10:46'),('b133651e9695b1593dba5490b18d62b094502bab61ae77ea26e30a272b0d8c17ffc27859a34b287c',4,1,NULL,'[]',0,'2019-03-11 01:40:35','2019-03-11 01:40:35','2020-03-11 09:40:35'),('b17d6bb9585bf187ef81a96c36798af3ca97690abc70b16132f9aabfe66adbb0fc8ba28fa3334d6c',4,1,'MyApp','[]',0,'2019-03-11 00:42:43','2019-03-11 00:42:43','2020-03-11 08:42:43'),('b20b48c9942c9dba1bb33a021c30c01547329183de3160355bc020841b33abc9e11d85b45d2e3696',1,1,'MyApp','[]',0,'2019-05-22 21:54:08','2019-05-22 21:54:08','2020-05-23 05:54:08'),('b29645776490cc3421afaa067439257f1fd73585aaaf2252bf1701575dbd3e40f212ce8597420451',1,1,'MyApp','[]',0,'2019-05-09 23:12:21','2019-05-09 23:12:21','2020-05-10 07:12:21'),('b2dedc54a8ea8a83da0e0634164a792dc7a5380e806e9f16dea691a5c089a67fc9bcbc45629b180a',1,1,'MyApp','[]',0,'2019-05-09 22:55:27','2019-05-09 22:55:27','2020-05-10 06:55:27'),('b3b21126ae4498ed3f2fdeba151646b2655f168ac9376c97b7ab2d347118bb9439b6efd745712101',4,1,'MyApp','[]',0,'2019-03-05 20:50:00','2019-03-05 20:50:00','2020-03-06 04:50:00'),('b3e838b8ad1e1815c52eaabdbb6dbb8268985ac2ea803082bb48c9f36d3d80d525805480f4ec9394',1,1,'MyApp','[]',0,'2019-05-21 22:38:03','2019-05-21 22:38:03','2020-05-22 06:38:03'),('b45de19838d13294dd13b0ae5df0da00d656ca583812380d6b6c5af20213acd37ef71123b705c626',2,1,'MyApp','[]',0,'2019-05-08 00:13:06','2019-05-08 00:13:06','2020-05-08 08:13:06'),('b4ee0412843d01b5bc2e173004b4c2339d701a5f1b34deadf5489742d5a357dfeebb6f8e842cd5d1',4,1,'MyApp','[]',0,'2019-03-11 00:11:45','2019-03-11 00:11:45','2020-03-11 08:11:45'),('b57c0c4a949cd675b5b00898b88b51a658e571f924a086e5a8a9eb176d30fc7b6a92da28f1f6c5ec',4,1,'MyApp','[]',0,'2019-03-11 01:13:15','2019-03-11 01:13:15','2020-03-11 09:13:15'),('b608c90705796d5e4e842b02963a63534f8cf45a0deccfea865f3e02076e86a9c9e30a32b7467360',1,1,'MyApp','[]',0,'2019-05-21 00:58:41','2019-05-21 00:58:41','2020-05-21 08:58:41'),('b6acb631a3c7b58d3400cce7ef257be74aedd30a879f31af38d8bffee1af4a800d9078b0bd6cde7b',1,1,'MyApp','[]',0,'2019-05-23 00:14:02','2019-05-23 00:14:02','2020-05-23 08:14:02'),('b8e18d29ca1fd10b31339a570bc98f201faeac3c86b8959b9a95bc4586ce3fae78cc09009b9373c9',1,1,'MyApp','[]',0,'2019-05-21 23:55:00','2019-05-21 23:55:00','2020-05-22 07:55:00'),('b9aa7fd824f4233c4f6c20ff2a89e954a19a3d5c2fc4614c5649d7fea683b6a7bfe4a851ff24f38d',1,1,'MyApp','[]',0,'2019-05-09 00:34:53','2019-05-09 00:34:53','2020-05-09 08:34:53'),('b9e78d7b403353511076e1de43220daf3259b0d14c354918d42476c539256c50dce7663099321e63',1,1,'MyApp','[]',0,'2019-05-22 23:13:14','2019-05-22 23:13:14','2020-05-23 07:13:14'),('ba673f8f93c96990cbd08cb5661561be82f64c9453aaaf673dee6e1385055479bbc46fb4b2ab6457',4,1,'MyApp','[]',0,'2019-03-11 00:25:35','2019-03-11 00:25:35','2020-03-11 08:25:35'),('ba71fa5800db518bb1d774b378e1b5be84fda3507d0211887b4e4447ef7d4230d39552c25dd4230b',1,1,'MyApp','[]',0,'2019-05-08 19:30:56','2019-05-08 19:30:56','2020-05-09 03:30:56'),('bab90582fcbee067249f8c694838932692f739d6aaded4f87b1da065155acb7865cc6fbbd479fea2',1,1,'MyApp','[]',0,'2019-05-08 00:20:50','2019-05-08 00:20:50','2020-05-08 08:20:50'),('bc4d3693c5b702053a904016f9865c15eb38c65aaa08f957cfaff0d90de90057335a6f175b0b453b',1,1,'MyApp','[]',0,'2019-05-23 00:26:43','2019-05-23 00:26:43','2020-05-23 08:26:43'),('bc69026114b88dee18e1633164d6d76299ba0ca5ff0dc5d4f4a5b9cb0c399bfc07f16b5eca31a654',1,1,'MyApp','[]',0,'2019-05-23 00:04:37','2019-05-23 00:04:37','2020-05-23 08:04:37'),('bcf256b0080a90b71288c8b19e1299c0edaeaf140e5524c201ecc4c2c13d9ed8c23f0ebe35d730f2',1,1,'MyApp','[]',0,'2019-05-21 22:21:41','2019-05-21 22:21:41','2020-05-22 06:21:41'),('bd1b912a268e5d7cce927f72936368607c41557ded06b5499f81ca910601fdefdc78ce8426bfd0f6',1,1,'MyApp','[]',0,'2019-05-22 19:23:17','2019-05-22 19:23:17','2020-05-23 03:23:17'),('bdf99b89eb9423b204bebee6e1d9b2cd1aee0255355884e33f715b4ad5c427ba4fea056fc330cb15',1,1,'MyApp','[]',0,'2019-05-23 00:01:57','2019-05-23 00:01:57','2020-05-23 08:01:57'),('be278e7ab129ba95035c12b02766a2e4e1c4ac76a9968f0f2f5cbb75f5b65b448de4f3ad751a6fc1',1,1,'MyApp','[]',0,'2019-05-21 22:47:03','2019-05-21 22:47:03','2020-05-22 06:47:03'),('bf325db8b141e3ddcdc43af2f8da15b26dce71edd72bdf001b3b1bf1a5da2bb6c1b4a00aa59f9349',4,1,'MyApp','[]',0,'2019-03-05 20:54:04','2019-03-05 20:54:04','2020-03-06 04:54:04'),('bfea9dd91d4f9f348bc65cb3c8f4a90addb13262af598e4c8fb22038ed66dddd8cae6be83c790fee',1,1,'MyApp','[]',0,'2019-05-08 00:25:08','2019-05-08 00:25:08','2020-05-08 08:25:08'),('bff0f8f103c357093930c1543f80994436915cb89d65c71c1e4514933e3b6f268233967fe8302b9e',1,1,'MyApp','[]',0,'2019-05-23 00:34:37','2019-05-23 00:34:37','2020-05-23 08:34:37'),('bff45a5b1c19c9a8ad0cd38e30159c34f63544372b902833a0a73e8de0552206bf2b7e4fe4303f6d',4,1,NULL,'[]',0,'2019-03-11 01:37:36','2019-03-11 01:37:36','2020-03-11 09:37:36'),('c1a2795ae87311e28556c965d8391db815869366ca219aa2c0fd038cb1a118c1ed51f6a1311021ff',1,1,'MyApp','[]',0,'2019-05-09 23:19:12','2019-05-09 23:19:12','2020-05-10 07:19:12'),('c2958d6f2d702fe9ce2346351fb284667f79425ce9d8d4c825e603ba9d8e03ce50a15b918e872b94',1,1,'MyApp','[]',0,'2019-05-08 23:41:32','2019-05-08 23:41:32','2020-05-09 07:41:32'),('c2c0ee2de46edf235260cd28557e3c99786799ebe03448d024ef57325ec2c2c0c5c2fdafa358f4aa',1,1,'MyApp','[]',0,'2019-05-09 18:52:37','2019-05-09 18:52:37','2020-05-10 02:52:37'),('c2fa6598a0e010adf7dc8543e93ad6d3faab59e540bd615bca63f4580e992a171d9b91c7c0d5caa3',1,1,'MyApp','[]',0,'2019-05-08 00:48:46','2019-05-08 00:48:46','2020-05-08 08:48:46'),('c3096b27441f82bf6b70d0c5e8908de912be2419c8d679a7deef44053ffa008517b25a1005d9a9d3',1,1,'MyApp','[]',0,'2019-05-21 22:32:12','2019-05-21 22:32:12','2020-05-22 06:32:12'),('c31b35464b454535487af907a299095778f6ebc530d56608396c2b66100fe43c32d8cc04afa83f5d',1,1,'MyApp','[]',0,'2019-05-09 22:43:33','2019-05-09 22:43:33','2020-05-10 06:43:33'),('c34e9506533b27b0d97e6fcad679803678bdbb6c2971b734521dccfd544c0cccc32c22a5c7a93fa3',1,1,'MyApp','[]',0,'2019-05-09 22:35:57','2019-05-09 22:35:57','2020-05-10 06:35:57'),('c3b21c28ae68f73d5281a1120773290445f74139c8fdcc6a2a617077f7f6cabd1b0c92364cdae4a1',1,1,'MyApp','[]',0,'2019-05-21 23:14:19','2019-05-21 23:14:19','2020-05-22 07:14:19'),('c3c523ca31b67e3853f7e6e409c6b09f94c9e9aa3c3ab2399a792330701d38cfe0656882a2f57784',1,1,'MyApp','[]',0,'2019-05-22 23:54:47','2019-05-22 23:54:47','2020-05-23 07:54:47'),('c41a03c67f13be13e9eac83f8bb56808a64425f15347c81216c0a1835d0cf34ccd13eea192edb39d',1,1,'MyApp','[]',0,'2019-05-09 22:42:04','2019-05-09 22:42:04','2020-05-10 06:42:04'),('c607cfd3372bb86d962877365fd653d5bd2d720d6914cd9009b41690b4852454befcf54671fbeb34',1,1,'MyApp','[]',0,'2019-05-09 22:49:23','2019-05-09 22:49:23','2020-05-10 06:49:23'),('c6b655ecf14941029d5b95cfae3bb7a1520576dbbeaa963e30920369f6f478f1616e9d0da446f333',1,1,'MyApp','[]',0,'2019-05-09 23:28:28','2019-05-09 23:28:28','2020-05-10 07:28:28'),('c6f27c1d6d387a07bcdf7b906270e0c6f1b59cde2c4287a078a3490e7869e2a9a37317038afb30fc',1,1,'MyApp','[]',0,'2019-05-22 23:55:46','2019-05-22 23:55:46','2020-05-23 07:55:46'),('c70ed7c75f133857af987fa683ed009e46db30c981103df1981c765e7d23349111d43f8b91242294',8,1,'MyApp','[]',0,'2019-03-05 19:26:19','2019-03-05 19:26:19','2020-03-06 03:26:19'),('c7fffba35dc1122a0b0a49bee0139ad619dc897f71694a069618260b22a7849246891d64d019f86b',1,1,'MyApp','[]',0,'2019-05-21 23:54:19','2019-05-21 23:54:19','2020-05-22 07:54:19'),('c92c1b0cd9d5e165ae1a41d9249578cca4825bd724a39600afc693c5621a6baae3f850f9dfa0b34d',1,1,'MyApp','[]',0,'2019-05-22 23:13:47','2019-05-22 23:13:47','2020-05-23 07:13:47'),('cb1f79d4fcdcba9d68c4839802c13e6c4b308b6b1ab2766dd6025591e3f761e4fc88bc6dd0f70197',1,1,'MyApp','[]',0,'2019-05-09 22:45:47','2019-05-09 22:45:47','2020-05-10 06:45:47'),('cc9acd70b2ec3290958ebde1d18f071bf5e115ae8932e163ea065f9896fba67346641aa7a85cc8f9',1,1,'MyApp','[]',0,'2019-05-21 22:37:13','2019-05-21 22:37:13','2020-05-22 06:37:13'),('cca61de7911a7f96bb9a2ba9d54c5961f6359a910e70b97840842771b5eb56d492cc6eb85a80aecf',1,1,'MyApp','[]',0,'2019-05-09 23:16:50','2019-05-09 23:16:50','2020-05-10 07:16:50'),('ccd34e1c945e0c3ac24155534da3901d4c5386751b4e920a9ac298ea22e9a247adcbda02dd5976c1',1,1,'MyApp','[]',0,'2019-05-09 23:53:44','2019-05-09 23:53:44','2020-05-10 07:53:44'),('ccdefe569ddfe14cb0a54604e4a4c8530f04b227f0a4af92d3f9f2eeb5ca2aac77b1c8a957c7c1e7',1,1,'MyApp','[]',0,'2019-05-09 00:34:53','2019-05-09 00:34:53','2020-05-09 08:34:53'),('ce54470eb828f9ce136f35dd1e301f6bb73e78e323b6165ec39fadb3ba2955a710b123a0f2c50fc6',1,1,'MyApp','[]',0,'2019-05-22 21:42:05','2019-05-22 21:42:05','2020-05-23 05:42:05'),('cf6cb9b600a9d20e9e647e6aba79b836a72b6e97a09bdff92f72598322d63c1f7181b284f555a195',1,1,'MyApp','[]',0,'2019-05-08 23:38:26','2019-05-08 23:38:26','2020-05-09 07:38:26'),('d0607e3cef12c387229a0f86d45eea5d39eef98ca8f0d65a58343ad95e987c8c421ea1d5c2ebb50e',1,1,'MyApp','[]',0,'2019-05-21 22:55:01','2019-05-21 22:55:01','2020-05-22 06:55:01'),('d16b106fdb5914fc25b228482dfc4dff04850a490a5f363d8f3c15cb10e73762e50582e0df8e4f4f',1,1,'MyApp','[]',0,'2019-05-09 22:22:05','2019-05-09 22:22:05','2020-05-10 06:22:05'),('d1ed8a95b90f5dd583cc4c0ded14d04d394273de4dd7192905016730e67136e059e2624f0d763754',1,1,'MyApp','[]',0,'2019-05-09 23:17:53','2019-05-09 23:17:53','2020-05-10 07:17:53'),('d24429426090ab9967660c3ee9a68cba466996ef601d4c395c63dc3e26fe2ced75f59cec7ff5d07b',1,1,'MyApp','[]',0,'2019-05-08 01:33:32','2019-05-08 01:33:32','2020-05-08 09:33:32'),('d318fee655bcedb69d19637d23e50a6972f2aed26cef3d8ff08ad403a91196b3981226772f8cc3ec',1,1,'MyApp','[]',0,'2019-05-10 00:11:51','2019-05-10 00:11:51','2020-05-10 08:11:51'),('d344bb4919ac30fd8397c32c0c83b879b64b7cb23682c3f493dc3a043a95c7343ada4c3512f16ce0',1,1,'MyApp','[]',0,'2019-05-21 22:18:48','2019-05-21 22:18:48','2020-05-22 06:18:48'),('d34dae204190c94c97e734c72907e8c1bc5b93debbe299d11e6409ead00af3b4e2325b346b3da01d',1,1,'MyApp','[]',0,'2019-05-08 23:00:20','2019-05-08 23:00:20','2020-05-09 07:00:20'),('d436eb1503fd2a84f9a23ab80daf54e28e642080c1b0ed37939032f8baba3126a431b7273f56f178',4,1,'MyApp','[]',0,'2019-03-11 00:49:02','2019-03-11 00:49:02','2020-03-11 08:49:02'),('d49572d531d2dee1d2e69c51f20e956067250558597cd29566cd3ce42c7a6ae87e8b4676fe591351',4,1,'MyApp','[]',0,'2019-03-10 23:40:10','2019-03-10 23:40:10','2020-03-11 07:40:10'),('d5e7e90a2c8011b63159246507258ba2cc6042d251613e599752524d0c416f6d2a1716d76989493a',1,1,'MyApp','[]',0,'2019-05-09 21:59:07','2019-05-09 21:59:07','2020-05-10 05:59:07'),('d6039accdf39a395902a2350229c72553c4ece2c7ab622809aa1a602e0f5514c115603fa85c9d57f',1,1,'MyApp','[]',0,'2019-05-21 23:55:20','2019-05-21 23:55:20','2020-05-22 07:55:20'),('d6a5e3a8dbb80b38d91c5e99fb55165c73d3edd906e3e7cb2549ba6cb5c9144210dbeddd9c468417',1,1,'MyApp','[]',0,'2019-05-09 23:19:12','2019-05-09 23:19:12','2020-05-10 07:19:12'),('d924e5ecbc1c3cdb177b130edcef5ee76f96a0cff8d19450cf129e771da597e5f6ea5cb7f6a86832',1,1,'MyApp','[]',0,'2019-05-09 22:45:47','2019-05-09 22:45:47','2020-05-10 06:45:47'),('d92f8488b243b61c4e4fb94be4ff79c60e6d6951569e010d5a71dd7baf343e2f6677dab82d0e8f80',1,1,'MyApp','[]',0,'2019-05-22 23:54:47','2019-05-22 23:54:47','2020-05-23 07:54:47'),('d9751204de10d318e932fce1e7786b3a63c646ad0b7bf19e97994710f0c7697f550f74d7037ab3fa',1,1,'MyApp','[]',0,'2019-05-08 23:10:10','2019-05-08 23:10:10','2020-05-09 07:10:10'),('da88835dc367400f946a94546bb0347c913529bff6db32e7149371e67fdbb1ddd68e506e78854210',1,1,'MyApp','[]',0,'2019-05-09 23:17:33','2019-05-09 23:17:33','2020-05-10 07:17:33'),('db0193b085e352b1e44c1c1cfff6df6aa8e30013fd9409f957cbc5ac6a48f12a5123f6e190f881c6',1,1,'MyApp','[]',0,'2019-05-22 00:01:53','2019-05-22 00:01:53','2020-05-22 08:01:53'),('db19628516bdccc53206d4aa65f49c2623a76f9c5498c999a6445da9c6a6406314efc2cb893bd964',1,1,'MyApp','[]',0,'2019-05-09 17:18:04','2019-05-09 17:18:04','2020-05-10 01:18:04'),('dc514fb1611c76b0a46a262272411096a288b94b8cb4e193c2dafa6217e65dbeace2271983585337',1,1,'MyApp','[]',0,'2019-05-08 23:36:48','2019-05-08 23:36:48','2020-05-09 07:36:48'),('ddf7c41c968d3c01c341f0518216e2ab2060d387686675530b358164692936a288f358d753049519',1,1,'MyApp','[]',0,'2019-05-08 23:42:18','2019-05-08 23:42:18','2020-05-09 07:42:18'),('deb19c66caae955393816bd070a935c1f48e41d164a0460cc161a687b2fdad81d24acf10b2558634',4,1,NULL,'[]',0,'2019-03-11 00:51:09','2019-03-11 00:51:09','2020-03-11 08:51:09'),('dede087ea53dac5bf60c2ce217d8dee3c2d8dee06faa715e5143c6e3a2edd26daf445095dcde1488',1,1,'MyApp','[]',0,'2019-05-28 22:48:36','2019-05-28 22:48:36','2020-05-29 06:48:36'),('dfd4d95261f4996120d4c82c0b9f8c0a224b451787ceb8c8cc64fb428dc0c58ff308e87c6640a112',1,1,'MyApp','[]',0,'2019-05-09 22:41:29','2019-05-09 22:41:29','2020-05-10 06:41:29'),('e0abad90ff088dd2685d660341f4eb4b3363fdf7f403f0e77c5612eb4bf5dd79410fd6583d90f205',1,1,'MyApp','[]',0,'2019-05-09 22:55:27','2019-05-09 22:55:27','2020-05-10 06:55:27'),('e23baadf0a808b51f65253150b0ee42c002b4754d5865d8dbc5bd8aa8337c7a3be97fcc78e4668b2',1,1,'MyApp','[]',0,'2019-05-08 19:26:33','2019-05-08 19:26:33','2020-05-09 03:26:33'),('e2614915c158b15731d6bc2dfd582e1d7dea302dfc35efda6d53bb895e57740f4ea67460fd84e062',1,1,'MyApp','[]',0,'2019-05-22 23:54:47','2019-05-22 23:54:47','2020-05-23 07:54:47'),('e32d9c88838b618fc7152cfa7769890d39434465c3acabf435f34e8ac27a0b1b13bfb720812766a6',1,1,'MyApp','[]',0,'2019-05-22 21:52:08','2019-05-22 21:52:08','2020-05-23 05:52:08'),('e3732855febbeb66209e2b48f543329fc2df6c7d67fe5a6c2f38a0516ae8a6af4d37dafb4361f84e',1,1,'MyApp','[]',0,'2019-05-28 22:48:35','2019-05-28 22:48:35','2020-05-29 06:48:35'),('e4265cb859804b2c19e7d156f0762485e5337c4cc86c33e29c55cfe3beb744b4168608e24ba35a21',1,1,'MyApp','[]',0,'2019-05-23 00:37:58','2019-05-23 00:37:58','2020-05-23 08:37:58'),('e54311691042ad72720e204fa500d20fcaf9e42cb289d4b3feadea50133dec7d11927e14bc479d1e',1,1,'MyApp','[]',0,'2019-05-22 23:09:01','2019-05-22 23:09:01','2020-05-23 07:09:01'),('e5c067429d8eb583bd9caa8c64c9238bc1be7ee63b462e0c6654e35e208f1bdba72d50ae9afb1107',1,1,'MyApp','[]',0,'2019-05-22 19:29:55','2019-05-22 19:29:55','2020-05-23 03:29:55'),('e61562f05e3732494584e68cd498b01127fd849b86797838012935c63756b91c76d39f49a91a78d8',1,1,'MyApp','[]',0,'2019-05-23 00:04:37','2019-05-23 00:04:37','2020-05-23 08:04:37'),('e686324bba3fde6430e054b6cd8b2544e30ba345292e6839b8836a21c96cb8ebdafff99b77172da8',1,1,'MyApp','[]',0,'2019-05-08 19:30:23','2019-05-08 19:30:23','2020-05-09 03:30:23'),('e943790bb7df74e6c1093db587ae3c83b1a751bd3e624b012cb77b16fceea52eeeec29d18c17e7ac',1,1,'MyApp','[]',0,'2019-05-09 22:38:27','2019-05-09 22:38:27','2020-05-10 06:38:27'),('e9acf63ad4673010974732829525d13f502c083f179602d208917ed0e6ef7d262c11df8e83c6b87a',1,1,'MyApp','[]',0,'2019-05-08 22:38:53','2019-05-08 22:38:53','2020-05-09 06:38:53'),('ea1870f6c0c2bc2ab1cce5c4d0a31a0ea2dad65bb46cf5d873c564600bf46005729b172cef8ea4e4',1,1,'MyApp','[]',0,'2019-05-09 00:01:10','2019-05-09 00:01:10','2020-05-09 08:01:10'),('ebbb1ef9e8513931053abd9d58e8ae1efbbca357e59e0b9f89fa5252ddb2584e9cdee1c7b6fc58ac',1,1,'MyApp','[]',0,'2019-05-22 19:19:08','2019-05-22 19:19:08','2020-05-23 03:19:08'),('ec17edec942877905719d10a9b1f99ed94a0fe666c32ff4a091811eeb7fd78f8da7f8f38215f7ce5',1,1,'MyApp','[]',0,'2019-05-10 00:30:23','2019-05-10 00:30:23','2020-05-10 08:30:23'),('ec247b9d3e39960fd6f70a2939ba494eee3ecbc7db3daeb61ed96c4ea4c7c1b04980137c30275871',1,1,'MyApp','[]',0,'2019-05-09 22:54:25','2019-05-09 22:54:25','2020-05-10 06:54:25'),('ec9488f6d0594bc2dd9445906843aa7a005d9079ceba29030fc587161f0b46b4493e3e21a72c4b8d',1,1,'MyApp','[]',0,'2019-05-28 23:19:40','2019-05-28 23:19:40','2020-05-29 07:19:40'),('ecfb36622f7487e3ac678c1cb49865349da5a9d4783203261577d2a6a26aca32e1874d481aa3614f',1,1,'MyApp','[]',0,'2019-05-23 00:06:03','2019-05-23 00:06:03','2020-05-23 08:06:03'),('ed06886ed1a0a294a38d11f876de0127c3dfa94d1d100c1171ed03d72d6b8a91edff1386e3f35c8e',4,1,'MyApp','[]',0,'2019-03-11 00:42:13','2019-03-11 00:42:13','2020-03-11 08:42:13'),('edc955353112bc88ff4e0eb808273ce10eb76b730d5adcbe281eb8a62bf06bb2aa27767ef4030f47',1,1,'MyApp','[]',0,'2019-05-22 00:01:54','2019-05-22 00:01:54','2020-05-22 08:01:54'),('ef023c8f92e231b6fa8f9e7bc50b9c953a6bcdbe093b359028d0f2945643437ae1de063de3035449',1,1,'MyApp','[]',0,'2019-05-08 22:53:03','2019-05-08 22:53:03','2020-05-09 06:53:03'),('ef2886754daa6adf6a03ca72d783c2a20b5f0f952f8aa6bb73afac23d308c9b6931d7ccc235b4ac6',1,1,'MyApp','[]',0,'2019-05-09 22:47:27','2019-05-09 22:47:27','2020-05-10 06:47:27'),('ef4a3cde88e3c0f5588456ed7a72391c6753a60d5dddd61465a95614119d775bdbb4f2ccf2471edc',1,1,'MyApp','[]',0,'2019-05-22 19:30:51','2019-05-22 19:30:51','2020-05-23 03:30:51'),('f0af8839abd0b222124e3ea744fdc599c46bf1107674f0985a70e9164b60e34307f9c96d1d954a81',1,1,'MyApp','[]',0,'2019-05-08 23:00:20','2019-05-08 23:00:20','2020-05-09 07:00:20'),('f0f1776dd5cc560bf75650c856bf7128545dc132809efd4bb3c829b4d1cbcce7265a180d65ae0485',1,1,'MyApp','[]',0,'2019-05-09 23:24:02','2019-05-09 23:24:02','2020-05-10 07:24:02'),('f11bb6c74f54de779551f535f42ae54d70ed5af67d965c7b9109ab304a8dbd21af4eb5ddaa583b0f',1,1,'MyApp','[]',0,'2019-05-23 00:27:07','2019-05-23 00:27:07','2020-05-23 08:27:07'),('f367c3f7e092fab2f44c86f1872c2bd537f4beba72c8d14640214a2eacefdc9a1242a437111cbf5a',1,1,'MyApp','[]',0,'2019-05-09 22:40:51','2019-05-09 22:40:51','2020-05-10 06:40:51'),('f37dd1ec8cf430e4d3518dcaad0c74d973193616fa28df2bab5dad5b52c1cdc58cab3e75f59700a8',1,1,'MyApp','[]',0,'2019-05-09 23:19:36','2019-05-09 23:19:36','2020-05-10 07:19:36'),('f3cd97cd1404d9681734ffb3d4437d0b6cd13b73374eaae1acae52602255d7da3e00c433a3bdbec0',1,1,'MyApp','[]',0,'2019-05-22 23:51:58','2019-05-22 23:51:58','2020-05-23 07:51:58'),('f400caaaa38cdfd1093395a6f4cda0ac0013570e31c8a23286dcbcb0b32bf79e2ecfee7cdbe7c98f',4,1,'MyApp','[]',0,'2019-03-11 00:29:39','2019-03-11 00:29:39','2020-03-11 08:29:39'),('f52e0d07622adacdcd4c91ea6ca97e323be3d2db2c6549eb961fb8f987341e4bdad09783d9bd7853',1,1,'MyApp','[]',0,'2019-05-09 22:57:21','2019-05-09 22:57:21','2020-05-10 06:57:21'),('f6acb550cb60ac241da67684dcc22f5d0d0799364f8107c18c8b3765304333abb6ac392a29b9e549',1,1,'MyApp','[]',0,'2019-05-09 22:52:26','2019-05-09 22:52:26','2020-05-10 06:52:26'),('f7215d337d7aa8ea5da20595656c08a65566a9d4fec5d9bfbad24896fd5f7011ffbfec46223d5469',1,1,'MyApp','[]',0,'2019-05-09 00:07:14','2019-05-09 00:07:14','2020-05-09 08:07:14'),('f741418786342bb1b67b09a13977d2615983dad1c4107aff6d45a71bff8a20a44e11517014719b8b',1,1,'MyApp','[]',0,'2019-05-08 22:54:17','2019-05-08 22:54:17','2020-05-09 06:54:17'),('f7930c59c5a413966c9f922d4f88861cfb384face274b000218ec75a49fcbecc0ff4fb9050c56311',1,1,'MyApp','[]',0,'2019-05-10 00:14:54','2019-05-10 00:14:54','2020-05-10 08:14:54'),('f79ed06452e68629f7fa71fe1be5578e72dfa5dad9d48af3d5aded1b7b70662495aee316da3c2c83',1,1,'MyApp','[]',0,'2019-05-10 00:30:11','2019-05-10 00:30:11','2020-05-10 08:30:11'),('f7cc1feb2b336ee128ecb7f237d9589d242874131a35acf3e1e12b0097a9f13357e18fcf204cd1d1',1,1,'MyApp','[]',0,'2019-05-22 21:53:24','2019-05-22 21:53:24','2020-05-23 05:53:24'),('f8e1cb6c15e103e8d0a516d03dff9f851be7a63c690774791535d0b57f1d09e5fcdd29cd166cffd0',1,1,'MyApp','[]',0,'2019-05-23 01:18:00','2019-05-23 01:18:00','2020-05-23 09:18:00'),('f9197635b0b865c7acb7f950615dc48764311994f8800f80f929cdd536ee642d5dc777b6c0df6737',1,1,'MyApp','[]',0,'2019-05-23 00:02:52','2019-05-23 00:02:52','2020-05-23 08:02:52'),('fa144985badcbce826130e9b95be5ce51347e488e36b4230d715de8234eea60f34efbcc4cc27cf84',1,1,'MyApp','[]',0,'2019-05-21 22:19:18','2019-05-21 22:19:18','2020-05-22 06:19:18'),('fa4bd41b9e443434113415de4ac60553aa962f5da55b06d38edcabb79ac95f6627149fc5ddeb3bd5',1,1,'MyApp','[]',0,'2019-05-09 21:54:18','2019-05-09 21:54:18','2020-05-10 05:54:18'),('fa683e59275d5b52c5c26f161513a556cc11670bfc0558e9db378976b5ac15578440c5a2afad139a',1,1,'MyApp','[]',0,'2019-05-23 00:12:26','2019-05-23 00:12:26','2020-05-23 08:12:26'),('fcb1d5e9133dc74c63732eb8bc5e0d6d4ba967a1ffe3b0d3ef2aa859a7dd5e768b39eb7496e06f36',1,1,'MyApp','[]',0,'2019-05-22 23:00:23','2019-05-22 23:00:23','2020-05-23 07:00:23'),('fe6e70bd363b60bcd8849c2948c5dd0cbf94a1729895055bb4eaccaaa52ab13c085f4be3a655b8ef',1,1,'MyApp','[]',0,'2019-05-08 17:25:33','2019-05-08 17:25:33','2020-05-09 01:25:33'),('ff4495ec3dda6f7a626fbd7ab082c31400f3d3492a2058fce88b9c444d857b2bc3de55484420e9df',1,1,'MyApp','[]',0,'2019-05-23 00:06:39','2019-05-23 00:06:39','2020-05-23 08:06:39'),('ffa514b2874b5ee69e93ad8f2cfaf5bf3005d9140325d93de7fb795656141c49007dbae904f97378',1,1,'MyApp','[]',0,'2019-05-22 23:58:28','2019-05-22 23:58:28','2020-05-23 07:58:28');
/*!40000 ALTER TABLE `oauth_access_tokens` ENABLE KEYS */;
UNLOCK TABLES;

--
-- Table structure for table `oauth_auth_codes`
--

DROP TABLE IF EXISTS `oauth_auth_codes`;
/*!40101 SET @saved_cs_client     = @@character_set_client */;
/*!40101 SET character_set_client = utf8 */;
CREATE TABLE `oauth_auth_codes` (
  `id` varchar(100) NOT NULL,
  `user_id` int(11) NOT NULL,
  `client_id` int(11) NOT NULL,
  `scopes` text,
  `revoked` tinyint(1) NOT NULL,
  `expires_at` datetime DEFAULT NULL,
  PRIMARY KEY (`id`)
) ENGINE=InnoDB DEFAULT CHARSET=utf8;
/*!40101 SET character_set_client = @saved_cs_client */;

--
-- Dumping data for table `oauth_auth_codes`
--

LOCK TABLES `oauth_auth_codes` WRITE;
/*!40000 ALTER TABLE `oauth_auth_codes` DISABLE KEYS */;
/*!40000 ALTER TABLE `oauth_auth_codes` ENABLE KEYS */;
UNLOCK TABLES;

--
-- Table structure for table `oauth_clients`
--

DROP TABLE IF EXISTS `oauth_clients`;
/*!40101 SET @saved_cs_client     = @@character_set_client */;
/*!40101 SET character_set_client = utf8 */;
CREATE TABLE `oauth_clients` (
  `id` int(10) unsigned NOT NULL AUTO_INCREMENT,
  `user_id` int(11) DEFAULT NULL,
  `name` varchar(191) NOT NULL,
  `secret` varchar(100) NOT NULL,
  `redirect` text NOT NULL,
  `personal_access_client` tinyint(1) NOT NULL,
  `password_client` tinyint(1) NOT NULL,
  `revoked` tinyint(1) NOT NULL,
  `created_at` timestamp NULL DEFAULT NULL,
  `updated_at` timestamp NULL DEFAULT NULL,
  PRIMARY KEY (`id`),
  KEY `oauth_clients_user_id_index` (`user_id`)
) ENGINE=InnoDB AUTO_INCREMENT=3 DEFAULT CHARSET=utf8;
/*!40101 SET character_set_client = @saved_cs_client */;

--
-- Dumping data for table `oauth_clients`
--

LOCK TABLES `oauth_clients` WRITE;
/*!40000 ALTER TABLE `oauth_clients` DISABLE KEYS */;
INSERT INTO `oauth_clients` VALUES (1,NULL,'Laravel Personal Access Client','5Cf67YN4fU0ZjL10mBoDm4cBr2AO1ecs9hQvVGaS','http://localhost',1,0,0,'2019-03-05 19:21:58','2019-03-05 19:21:58'),(2,NULL,'Laravel Password Grant Client','cJsB6sWeV24QDFjUdTwMlkrxUoiY2hsxzt0cxdBG','http://localhost',0,1,0,'2019-03-05 19:21:59','2019-03-05 19:21:59');
/*!40000 ALTER TABLE `oauth_clients` ENABLE KEYS */;
UNLOCK TABLES;

--
-- Table structure for table `oauth_personal_access_clients`
--

DROP TABLE IF EXISTS `oauth_personal_access_clients`;
/*!40101 SET @saved_cs_client     = @@character_set_client */;
/*!40101 SET character_set_client = utf8 */;
CREATE TABLE `oauth_personal_access_clients` (
  `id` int(10) unsigned NOT NULL AUTO_INCREMENT,
  `client_id` int(11) NOT NULL,
  `created_at` timestamp NULL DEFAULT NULL,
  `updated_at` timestamp NULL DEFAULT NULL,
  PRIMARY KEY (`id`),
  KEY `oauth_personal_access_clients_client_id_index` (`client_id`)
) ENGINE=InnoDB AUTO_INCREMENT=2 DEFAULT CHARSET=utf8;
/*!40101 SET character_set_client = @saved_cs_client */;

--
-- Dumping data for table `oauth_personal_access_clients`
--

LOCK TABLES `oauth_personal_access_clients` WRITE;
/*!40000 ALTER TABLE `oauth_personal_access_clients` DISABLE KEYS */;
INSERT INTO `oauth_personal_access_clients` VALUES (1,1,'2019-03-05 19:21:59','2019-03-05 19:21:59');
/*!40000 ALTER TABLE `oauth_personal_access_clients` ENABLE KEYS */;
UNLOCK TABLES;

--
-- Table structure for table `oauth_refresh_tokens`
--

DROP TABLE IF EXISTS `oauth_refresh_tokens`;
/*!40101 SET @saved_cs_client     = @@character_set_client */;
/*!40101 SET character_set_client = utf8 */;
CREATE TABLE `oauth_refresh_tokens` (
  `id` varchar(100) NOT NULL,
  `access_token_id` varchar(100) NOT NULL,
  `revoked` tinyint(1) NOT NULL,
  `expires_at` datetime DEFAULT NULL,
  PRIMARY KEY (`id`),
  KEY `oauth_refresh_tokens_access_token_id_index` (`access_token_id`)
) ENGINE=InnoDB DEFAULT CHARSET=utf8;
/*!40101 SET character_set_client = @saved_cs_client */;

--
-- Dumping data for table `oauth_refresh_tokens`
--

LOCK TABLES `oauth_refresh_tokens` WRITE;
/*!40000 ALTER TABLE `oauth_refresh_tokens` DISABLE KEYS */;
/*!40000 ALTER TABLE `oauth_refresh_tokens` ENABLE KEYS */;
UNLOCK TABLES;

--
-- Table structure for table `password_resets`
--

DROP TABLE IF EXISTS `password_resets`;
/*!40101 SET @saved_cs_client     = @@character_set_client */;
/*!40101 SET character_set_client = utf8 */;
CREATE TABLE `password_resets` (
  `email` varchar(191) NOT NULL,
  `token` varchar(191) NOT NULL,
  `created_at` timestamp NULL DEFAULT NULL,
  KEY `password_resets_email_index` (`email`)
) ENGINE=InnoDB DEFAULT CHARSET=utf8;
/*!40101 SET character_set_client = @saved_cs_client */;

--
-- Dumping data for table `password_resets`
--

LOCK TABLES `password_resets` WRITE;
/*!40000 ALTER TABLE `password_resets` DISABLE KEYS */;
/*!40000 ALTER TABLE `password_resets` ENABLE KEYS */;
UNLOCK TABLES;

--
-- Table structure for table `profile_image`
--

DROP TABLE IF EXISTS `profile_image`;
/*!40101 SET @saved_cs_client     = @@character_set_client */;
/*!40101 SET character_set_client = utf8 */;
CREATE TABLE `profile_image` (
  `profile_image_id` int(11) unsigned NOT NULL AUTO_INCREMENT,
  `user_id` int(11) unsigned NOT NULL,
  `image` varchar(255) NOT NULL,
  `created_at` datetime NOT NULL,
  `updated_at` datetime NOT NULL,
  `deleted_at` datetime NOT NULL,
  `is_profile` smallint(5) unsigned NOT NULL COMMENT '1 = use image , 0 =  not use image',
  `status` text COMMENT 'NUll = Active , D = Deleted',
  PRIMARY KEY (`profile_image_id`),
  KEY `user_id` (`user_id`,`is_profile`)
) ENGINE=InnoDB AUTO_INCREMENT=2 DEFAULT CHARSET=utf8;
/*!40101 SET character_set_client = @saved_cs_client */;

--
-- Dumping data for table `profile_image`
--

LOCK TABLES `profile_image` WRITE;
/*!40000 ALTER TABLE `profile_image` DISABLE KEYS */;
INSERT INTO `profile_image` VALUES (1,1,'12072019_5d27f6762db62_1551751565663.JPEG','2019-07-12 02:54:46','2019-07-12 02:54:46','0000-00-00 00:00:00',1,NULL);
/*!40000 ALTER TABLE `profile_image` ENABLE KEYS */;
UNLOCK TABLES;

--
-- Table structure for table `reminder_members`
--

DROP TABLE IF EXISTS `reminder_members`;
/*!40101 SET @saved_cs_client     = @@character_set_client */;
/*!40101 SET character_set_client = utf8 */;
CREATE TABLE `reminder_members` (
  `id` int(11) unsigned NOT NULL AUTO_INCREMENT,
  `reminder_id` int(11) NOT NULL,
  `user_id` int(11) NOT NULL,
  `status` int(1) NOT NULL,
  `start_time` time NOT NULL,
  `repeat_every` varchar(200) DEFAULT NULL,
  `next_repeat` int(11) unsigned NOT NULL,
  `recurrence` int(10) DEFAULT NULL,
  `added_by` int(11) DEFAULT NULL,
  `created_at` timestamp NOT NULL DEFAULT CURRENT_TIMESTAMP ON UPDATE CURRENT_TIMESTAMP,
  `updated_at` timestamp NULL DEFAULT NULL,
  PRIMARY KEY (`id`)
) ENGINE=InnoDB AUTO_INCREMENT=3 DEFAULT CHARSET=utf8;
/*!40101 SET character_set_client = @saved_cs_client */;

--
-- Dumping data for table `reminder_members`
--

LOCK TABLES `reminder_members` WRITE;
/*!40000 ALTER TABLE `reminder_members` DISABLE KEYS */;
INSERT INTO `reminder_members` VALUES (1,1,2,1,'08:00:00','daily',1562803200,0,1,'2019-07-10 03:09:23','2019-07-10 03:09:23'),(2,1,1,1,'08:00:00','daily',1562803200,0,1,'2019-07-10 03:09:23','2019-07-10 03:09:23');
/*!40000 ALTER TABLE `reminder_members` ENABLE KEYS */;
UNLOCK TABLES;

--
-- Table structure for table `reminders`
--

DROP TABLE IF EXISTS `reminders`;
/*!40101 SET @saved_cs_client     = @@character_set_client */;
/*!40101 SET character_set_client = utf8 */;
CREATE TABLE `reminders` (
  `id` int(11) unsigned NOT NULL AUTO_INCREMENT,
  `reminder_name` varchar(200) NOT NULL,
  `description` text,
  `created_by` int(11) NOT NULL,
  `type` varchar(2) NOT NULL DEFAULT 'B' COMMENT 'B = Business, P = Personal',
  `repeat_every` varchar(10) NOT NULL,
  `created_at` timestamp NOT NULL DEFAULT CURRENT_TIMESTAMP ON UPDATE CURRENT_TIMESTAMP,
  `updated_at` timestamp NULL DEFAULT NULL,
  PRIMARY KEY (`id`)
) ENGINE=InnoDB AUTO_INCREMENT=2 DEFAULT CHARSET=utf8;
/*!40101 SET character_set_client = @saved_cs_client */;

--
-- Dumping data for table `reminders`
--

LOCK TABLES `reminders` WRITE;
/*!40000 ALTER TABLE `reminders` DISABLE KEYS */;
INSERT INTO `reminders` VALUES (1,'test 1','test 1',1,'B','daily','2019-07-09 19:09:23','2019-07-09 19:09:23');
/*!40000 ALTER TABLE `reminders` ENABLE KEYS */;
UNLOCK TABLES;

--
-- Table structure for table `storage`
--

DROP TABLE IF EXISTS `storage`;
/*!40101 SET @saved_cs_client     = @@character_set_client */;
/*!40101 SET character_set_client = utf8 */;
CREATE TABLE `storage` (
  `storage_id` bigint(11) unsigned NOT NULL AUTO_INCREMENT,
  `storage` text NOT NULL,
  `user_id` bigint(11) unsigned NOT NULL COMMENT 'id for those who paid',
  `original_user` bigint(11) unsigned NOT NULL,
  `type` char(5) NOT NULL,
  `date_added` timestamp NOT NULL DEFAULT CURRENT_TIMESTAMP,
  `status` char(5) NOT NULL DEFAULT 'A',
  `storage_type` char(6) DEFAULT NULL,
  PRIMARY KEY (`storage_id`)
) ENGINE=InnoDB AUTO_INCREMENT=42 DEFAULT CHARSET=utf8;
/*!40101 SET character_set_client = @saved_cs_client */;

--
-- Dumping data for table `storage`
--

LOCK TABLES `storage` WRITE;
/*!40000 ALTER TABLE `storage` DISABLE KEYS */;
INSERT INTO `storage` VALUES (1,'0',1,1,'T','2019-10-17 07:32:39','A',NULL),(2,'0',1,1,'T','2019-10-17 07:38:08','A',NULL),(3,'0',1,1,'T','2019-10-17 07:39:34','A',NULL),(4,'0',1,1,'T','2019-10-17 07:49:02','A',NULL),(5,'0',1,1,'T','2019-10-17 08:06:27','A',NULL),(6,'0',1,1,'T','2019-10-17 08:27:04','A',NULL),(7,'0',1,1,'T','2019-10-17 08:37:04','A',NULL),(8,'0',1,1,'T','2019-10-17 08:43:07','A',NULL),(9,'0',1,1,'T','2019-10-17 08:44:17','A',NULL),(10,'0',1,1,'T','2019-10-17 08:55:20','A',NULL),(11,'0',1,1,'T','2019-10-17 08:58:23','A',NULL),(12,'0',1,1,'T','2019-10-17 09:05:17','A',NULL),(13,'0',1,1,'T','2019-10-17 09:11:29','A',NULL),(14,'0',1,1,'T','2019-10-17 09:17:07','A',NULL),(15,'0',1,1,'T','2019-10-17 09:42:05','A',NULL),(16,'0',1,1,'T','2019-10-17 09:47:42','A',NULL),(17,'0',1,1,'T','2019-10-17 11:20:05','A',NULL),(18,'0',1,1,'T','2019-10-17 11:20:11','A',NULL),(19,'8161375',1,1,'T','2019-10-18 02:06:53','A',NULL),(20,'8161375',1,1,'T','2019-10-18 02:12:25','A',NULL),(21,'8161364',1,1,'T','2019-10-18 02:18:24','A',NULL),(22,'8161335',1,1,'T','2019-10-18 02:22:32','A',NULL),(23,'66796',1,1,'T','2019-10-18 02:36:16','A',NULL),(24,'603930',1,1,'T','2019-10-18 02:47:03','A',NULL),(25,'603888',1,1,'T','2019-10-18 02:55:24','A',NULL),(26,'603888',1,1,'T','2019-10-18 02:56:04','A',NULL),(27,'603919',1,1,'T','2019-10-18 03:05:30','A',NULL),(28,'639762',1,1,'T','2019-10-18 03:06:31','A',NULL),(29,'670629',1,1,'T','2019-10-18 03:20:29','A',NULL),(30,'619259',1,1,'T','2019-10-18 03:21:45','A',NULL),(31,'619259',1,1,'T','2019-10-18 03:22:40','A',NULL),(32,'185371',1,1,'T','2019-10-18 03:25:04','A',NULL),(33,'252100',1,1,'T','2019-10-18 03:31:27','A',NULL),(34,'185371',1,1,'T','2019-10-18 03:45:01','A',NULL),(35,'185358',1,1,'T','2019-10-18 05:13:39','A',NULL),(36,'185357',1,1,'T','2019-10-18 05:29:54','A',NULL),(37,'185358',1,1,'T','2019-10-18 05:32:04','A',NULL),(38,'185357',1,1,'T','2019-10-18 05:34:12','A',NULL),(39,'185358',1,1,'T','2019-10-18 05:37:18','A',NULL),(40,'185357',1,1,'T','2019-10-18 06:23:23','A',NULL),(41,'185357',1,1,'T','2019-10-18 06:23:59','A',NULL);
/*!40000 ALTER TABLE `storage` ENABLE KEYS */;
UNLOCK TABLES;

--
-- Table structure for table `subscription`
--

DROP TABLE IF EXISTS `subscription`;
/*!40101 SET @saved_cs_client     = @@character_set_client */;
/*!40101 SET character_set_client = utf8 */;
CREATE TABLE `subscription` (
  `subscription_id` int(11) unsigned NOT NULL AUTO_INCREMENT,
  `subscription_name` varchar(150) NOT NULL,
  `subscription_amount` decimal(11,2) NOT NULL,
  `price` decimal(11,2) NOT NULL,
  PRIMARY KEY (`subscription_id`)
) ENGINE=InnoDB AUTO_INCREMENT=2 DEFAULT CHARSET=utf8;
/*!40101 SET character_set_client = @saved_cs_client */;

--
-- Dumping data for table `subscription`
--

LOCK TABLES `subscription` WRITE;
/*!40000 ALTER TABLE `subscription` DISABLE KEYS */;
INSERT INTO `subscription` VALUES (1,'Free',50.00,0.00);
/*!40000 ALTER TABLE `subscription` ENABLE KEYS */;
UNLOCK TABLES;

--
-- Table structure for table `task_assign`
--

DROP TABLE IF EXISTS `task_assign`;
/*!40101 SET @saved_cs_client     = @@character_set_client */;
/*!40101 SET character_set_client = utf8 */;
CREATE TABLE `task_assign` (
  `task_assign_id` int(10) unsigned NOT NULL AUTO_INCREMENT,
  `task_id` int(10) unsigned NOT NULL,
  `user_id` int(10) unsigned NOT NULL,
  `is_created` int(10) unsigned NOT NULL DEFAULT '0',
  `is_left` smallint(6) NOT NULL DEFAULT '0',
  `created_at` timestamp NULL DEFAULT NULL,
  `updated_at` timestamp NULL DEFAULT NULL,
  PRIMARY KEY (`task_assign_id`),
  KEY `task_assign_task_id_index` (`task_id`),
  KEY `task_assign_user_id_index` (`user_id`),
  KEY `task_assign_is_created_index` (`is_created`),
  KEY `task_id` (`task_id`,`user_id`),
  KEY `is_left` (`is_left`)
) ENGINE=InnoDB AUTO_INCREMENT=159 DEFAULT CHARSET=utf8;
/*!40101 SET character_set_client = @saved_cs_client */;

--
-- Dumping data for table `task_assign`
--

LOCK TABLES `task_assign` WRITE;
/*!40000 ALTER TABLE `task_assign` DISABLE KEYS */;
INSERT INTO `task_assign` VALUES (1,1,1,1,0,NULL,NULL),(2,2,1,1,0,NULL,NULL),(3,3,1,1,0,NULL,NULL),(4,3,2,0,0,NULL,NULL),(5,4,1,1,0,NULL,NULL),(6,4,2,0,0,NULL,NULL),(7,5,2,1,0,NULL,NULL),(8,6,2,1,0,NULL,NULL),(9,6,1,0,0,NULL,NULL),(10,7,1,1,0,NULL,NULL),(11,7,2,0,0,NULL,NULL),(12,8,1,1,0,NULL,NULL),(13,8,2,0,0,NULL,NULL),(14,8,3,0,0,NULL,NULL),(15,9,1,1,0,NULL,NULL),(16,9,2,0,0,NULL,NULL),(17,10,1,1,0,NULL,NULL),(18,10,2,0,0,NULL,NULL),(19,11,1,1,0,NULL,NULL),(20,11,2,0,0,NULL,NULL),(21,12,1,1,0,NULL,NULL),(22,12,2,0,0,NULL,NULL),(23,13,1,1,0,NULL,NULL),(24,13,2,0,0,NULL,NULL),(25,14,1,1,0,NULL,NULL),(26,14,2,0,0,NULL,NULL),(27,15,1,1,0,NULL,NULL),(28,15,2,0,0,NULL,NULL),(29,16,1,1,0,NULL,NULL),(30,16,2,0,0,NULL,NULL),(31,17,1,1,0,NULL,NULL),(32,17,2,0,0,NULL,NULL),(33,18,1,1,0,NULL,NULL),(34,18,2,0,0,NULL,NULL),(35,19,1,1,0,NULL,NULL),(36,19,2,0,0,NULL,NULL),(37,20,1,1,0,NULL,NULL),(38,20,2,0,0,NULL,NULL),(39,21,1,1,0,NULL,NULL),(40,21,2,0,0,NULL,NULL),(41,22,1,1,0,NULL,NULL),(42,22,2,0,0,NULL,NULL),(43,23,1,1,0,NULL,NULL),(44,23,2,0,0,NULL,NULL),(45,24,1,1,0,NULL,NULL),(46,24,2,0,0,NULL,NULL),(47,25,1,1,0,NULL,NULL),(48,25,2,0,0,NULL,NULL),(49,26,1,1,0,NULL,NULL),(50,26,3,0,0,NULL,NULL),(51,27,1,1,0,NULL,NULL),(52,27,3,0,0,NULL,NULL),(53,28,1,1,0,NULL,NULL),(54,28,3,0,0,NULL,NULL),(55,29,1,1,0,NULL,NULL),(56,29,3,0,0,NULL,NULL),(57,30,1,1,0,NULL,NULL),(58,30,3,0,0,NULL,NULL),(59,31,1,1,0,NULL,NULL),(60,31,3,0,0,NULL,NULL),(61,32,1,1,0,NULL,NULL),(62,32,3,0,0,NULL,NULL),(63,33,1,1,0,NULL,NULL),(64,33,3,0,0,NULL,NULL),(65,34,1,1,0,NULL,NULL),(66,34,2,0,0,NULL,NULL),(67,35,1,1,0,NULL,NULL),(68,35,2,0,0,NULL,NULL),(69,36,1,1,0,NULL,NULL),(70,36,3,0,0,NULL,NULL),(71,37,1,1,0,NULL,NULL),(72,37,3,0,0,NULL,NULL),(73,38,1,1,0,NULL,NULL),(74,38,3,0,0,NULL,NULL),(75,39,1,1,0,NULL,NULL),(76,39,3,0,0,NULL,NULL),(77,42,1,1,0,NULL,NULL),(78,42,3,0,0,NULL,NULL),(79,45,1,1,0,NULL,NULL),(80,45,2,0,0,NULL,NULL),(81,46,1,1,0,NULL,NULL),(82,46,2,0,0,NULL,NULL),(83,47,1,1,0,NULL,NULL),(84,47,2,0,0,NULL,NULL),(85,48,1,1,0,NULL,NULL),(86,48,2,0,0,NULL,NULL),(87,50,1,1,0,NULL,NULL),(88,50,2,0,0,NULL,NULL),(89,51,1,1,0,NULL,NULL),(90,51,2,0,0,NULL,NULL),(91,52,1,1,0,NULL,NULL),(92,52,2,0,0,NULL,NULL),(93,53,1,1,0,NULL,NULL),(94,53,2,0,0,NULL,NULL),(95,54,1,1,0,NULL,NULL),(96,54,2,0,0,NULL,NULL),(97,55,1,1,0,NULL,NULL),(98,55,2,0,0,NULL,NULL),(99,56,1,1,0,NULL,NULL),(100,56,2,0,0,NULL,NULL),(101,57,1,1,0,NULL,NULL),(102,57,2,0,0,NULL,NULL),(103,58,1,1,0,NULL,NULL),(104,58,2,0,0,NULL,NULL),(105,59,1,1,0,NULL,NULL),(106,59,2,0,0,NULL,NULL),(107,60,1,1,0,NULL,NULL),(108,60,2,0,0,NULL,NULL),(109,61,1,1,0,NULL,NULL),(110,61,3,0,0,NULL,NULL),(111,62,1,1,0,NULL,NULL),(112,62,2,0,0,NULL,NULL),(113,63,1,1,0,NULL,NULL),(114,63,2,0,0,NULL,NULL),(115,64,1,1,0,NULL,NULL),(116,64,2,0,0,NULL,NULL),(117,65,1,1,0,NULL,NULL),(118,65,2,0,0,NULL,NULL),(119,66,1,1,0,NULL,NULL),(120,66,2,0,0,NULL,NULL),(121,67,1,1,0,NULL,NULL),(122,67,2,0,0,NULL,NULL),(123,68,1,1,0,NULL,NULL),(124,68,2,0,0,NULL,NULL),(125,69,1,1,0,NULL,NULL),(126,69,2,0,0,NULL,NULL),(127,70,1,1,0,NULL,NULL),(128,70,2,0,0,NULL,NULL),(129,71,1,1,0,NULL,NULL),(130,71,2,0,0,NULL,NULL),(131,72,1,1,0,NULL,NULL),(132,72,2,0,0,NULL,NULL),(133,73,1,1,0,NULL,NULL),(134,73,2,0,0,NULL,NULL),(135,74,1,1,0,NULL,NULL),(136,74,2,0,0,NULL,NULL),(137,75,1,1,0,NULL,NULL),(138,75,2,0,0,NULL,NULL),(139,76,1,1,0,NULL,NULL),(140,76,2,0,0,NULL,NULL),(141,77,1,1,0,NULL,NULL),(142,77,2,0,0,NULL,NULL),(143,78,1,1,0,NULL,NULL),(144,78,2,0,0,NULL,NULL),(145,79,1,1,0,NULL,NULL),(146,79,2,0,0,NULL,NULL),(147,80,1,1,0,NULL,NULL),(148,80,2,0,0,NULL,NULL),(149,81,1,1,0,NULL,NULL),(150,81,2,0,0,NULL,NULL),(151,82,1,1,0,NULL,NULL),(152,82,2,0,0,NULL,NULL),(153,83,1,1,0,NULL,NULL),(154,83,2,0,0,NULL,NULL),(155,84,1,1,0,NULL,NULL),(156,84,2,0,0,NULL,NULL),(157,85,1,1,0,NULL,NULL),(158,85,2,0,0,NULL,NULL);
/*!40000 ALTER TABLE `task_assign` ENABLE KEYS */;
UNLOCK TABLES;

--
-- Table structure for table `task_categories`
--

DROP TABLE IF EXISTS `task_categories`;
/*!40101 SET @saved_cs_client     = @@character_set_client */;
/*!40101 SET character_set_client = utf8 */;
CREATE TABLE `task_categories` (
  `category_id` int(11) unsigned NOT NULL AUTO_INCREMENT,
  `category_unique` text NOT NULL,
  `category_name` varchar(255) NOT NULL,
  `status` smallint(3) NOT NULL DEFAULT '1' COMMENT '1 = active 0 = inactive',
  `created_by` int(11) unsigned NOT NULL,
  `date_created` timestamp NOT NULL DEFAULT CURRENT_TIMESTAMP,
  PRIMARY KEY (`category_id`),
  KEY `created_by` (`created_by`)
) ENGINE=InnoDB AUTO_INCREMENT=9 DEFAULT CHARSET=utf8;
/*!40101 SET character_set_client = @saved_cs_client */;

--
-- Dumping data for table `task_categories`
--

LOCK TABLES `task_categories` WRITE;
/*!40000 ALTER TABLE `task_categories` DISABLE KEYS */;
INSERT INTO `task_categories` VALUES (1,'$2y$10$uOwdstePq/Ttes2NwnZ.XOrdAC/dKpqgrV25YrpSc.nQMaM7urjkq','NOT A PROJECT',1,1,'2019-04-29 05:45:03'),(3,'$2y$10$C4nU3dxxOlzQdDD6UNazUO8j2blUAHRUJkagg9C/.2tcNxsdK65q.','Trackerteer',1,1,'2019-05-06 00:35:26'),(4,'$2y$10$ry03V8/6piGuZGyewlL97.4si7CsFM8e5PU2.UWzmV/7LWemH9XgS','Taskbananaa_ test',1,1,'2019-05-06 03:26:30'),(5,'$2y$10$JXUa7gYFPKjQtOrSXf9CyeTV14ZXS3X4KtgwWnoytO.xdsWMDXJ2a','test',1,1,'2019-05-16 02:36:54'),(6,'$2y$10$sIapiIRY9JEKfLQuQzczGONHHfg0qzj7KL/hUH1LtScJ9wYqrhin.','test 2',1,1,'2019-05-16 02:38:45'),(7,'$2y$10$JXDd76JLrw2qB3cpToFALuKfxIHaJUAmwdJ6vb5u1KVqFGiS5jZvO','kate',1,1,'2019-10-04 07:19:38'),(8,'$2y$10$864DUBHXdoK/8nnizGCq.uobWatrnN4DDFelM.ZniZ4pOhhuMUmJW','23',1,1,'2019-10-17 07:23:35');
/*!40000 ALTER TABLE `task_categories` ENABLE KEYS */;
UNLOCK TABLES;

--
-- Table structure for table `task_comments`
--

DROP TABLE IF EXISTS `task_comments`;
/*!40101 SET @saved_cs_client     = @@character_set_client */;
/*!40101 SET character_set_client = utf8 */;
CREATE TABLE `task_comments` (
  `task_comments_id` int(11) NOT NULL AUTO_INCREMENT,
  `comment` text,
  `task_id` int(11) unsigned NOT NULL,
  `user_id` int(11) unsigned NOT NULL,
  `seen` smallint(4) unsigned NOT NULL DEFAULT '0',
  `seen_date` datetime DEFAULT NULL,
  `date_added` timestamp NOT NULL DEFAULT CURRENT_TIMESTAMP,
  `action_type` char(5) DEFAULT NULL,
  `system_generated` smallint(4) unsigned NOT NULL DEFAULT '0',
  PRIMARY KEY (`task_comments_id`),
  KEY `task_id` (`task_id`,`user_id`)
) ENGINE=InnoDB AUTO_INCREMENT=16 DEFAULT CHARSET=utf8;
/*!40101 SET character_set_client = @saved_cs_client */;

--
-- Dumping data for table `task_comments`
--

LOCK TABLES `task_comments` WRITE;
/*!40000 ALTER TABLE `task_comments` DISABLE KEYS */;
INSERT INTO `task_comments` VALUES (1,'<p>test 1</p>',4,2,0,NULL,'2019-07-12 06:07:18','C',0),(2,'sample',4,1,0,NULL,'2019-07-12 06:44:48','C',0),(3,'<p>test</p>',8,2,0,NULL,'2019-07-15 03:45:27','C',0),(4,'<p>test2</p>',8,1,0,NULL,'2019-07-15 03:46:59','C',0),(5,'<p>reply</p>',8,3,0,NULL,'2019-07-15 04:00:35','C',0),(6,'<p>test</p>',8,1,0,NULL,'2019-07-17 03:01:01','C',0),(7,'<p>sample</p>',8,1,0,NULL,'2019-07-17 03:01:12','C',0),(8,'<p>test</p>',8,1,0,NULL,'2019-07-17 03:01:53','C',0),(9,'test',8,1,0,NULL,'2019-08-06 07:10:57','C',0),(10,'<p>test reply</p>',10,2,0,NULL,'2019-10-02 03:37:13','C',0),(11,'<p>test</p>',11,2,0,NULL,'2019-10-02 07:51:50','C',0),(12,'<p>test</p>',17,2,0,NULL,'2019-10-02 07:52:42','C',0),(13,'<p>test</p>',9,2,0,NULL,'2019-10-02 07:53:14','C',0),(14,'<p>test</p>',12,2,0,NULL,'2019-10-02 07:53:58','C',0),(15,'<p>test</p>',13,2,0,NULL,'2019-10-02 07:57:32','C',0);
/*!40000 ALTER TABLE `task_comments` ENABLE KEYS */;
UNLOCK TABLES;

--
-- Table structure for table `task_logs`
--

DROP TABLE IF EXISTS `task_logs`;
/*!40101 SET @saved_cs_client     = @@character_set_client */;
/*!40101 SET character_set_client = utf8 */;
CREATE TABLE `task_logs` (
  `task_logs_id` bigint(11) unsigned NOT NULL AUTO_INCREMENT,
  `task_id` bigint(11) unsigned NOT NULL,
  `action` varchar(200) NOT NULL,
  `user_id` bigint(20) unsigned NOT NULL,
  `date_created` timestamp NOT NULL DEFAULT CURRENT_TIMESTAMP,
  PRIMARY KEY (`task_logs_id`)
) ENGINE=InnoDB AUTO_INCREMENT=69 DEFAULT CHARSET=utf8;
/*!40101 SET character_set_client = @saved_cs_client */;

--
-- Dumping data for table `task_logs`
--

LOCK TABLES `task_logs` WRITE;
/*!40000 ALTER TABLE `task_logs` DISABLE KEYS */;
INSERT INTO `task_logs` VALUES (1,0,'removetask',1,'2019-07-12 03:56:35'),(2,0,'removetask',1,'2019-07-12 03:57:42'),(3,0,'removetask',1,'2019-07-12 06:04:59'),(4,0,'removetask',1,'2019-07-15 03:36:17'),(5,0,'removetask',1,'2019-07-15 03:39:37'),(6,0,'removetask',2,'2019-07-15 03:40:04'),(7,0,'removetask',2,'2019-07-15 03:40:08'),(8,0,'removetask',1,'2019-10-02 07:32:24'),(9,0,'removetask',1,'2019-10-02 07:32:25'),(10,0,'removetask',1,'2019-10-02 07:34:11'),(11,0,'removetask',1,'2019-10-10 05:20:35'),(12,0,'removetask',1,'2019-10-10 05:21:50'),(13,0,'removetask',1,'2019-10-10 05:22:49'),(14,0,'removetask',1,'2019-10-10 05:23:50'),(15,0,'removetask',1,'2019-10-10 05:23:58'),(16,0,'removetask',1,'2019-10-17 08:38:57'),(17,0,'removetask',1,'2019-10-17 08:39:01'),(18,0,'removetask',1,'2019-10-17 08:39:05'),(19,0,'removetask',1,'2019-10-17 08:39:09'),(20,0,'removetask',1,'2019-10-17 08:39:22'),(21,0,'removetask',1,'2019-10-17 08:39:27'),(22,0,'removetask',1,'2019-10-17 08:39:30'),(23,0,'removetask',1,'2019-10-17 08:40:45'),(24,0,'removetask',1,'2019-10-17 08:41:41'),(25,0,'removetask',1,'2019-10-17 08:41:44'),(26,0,'removetask',1,'2019-10-17 08:41:47'),(27,0,'removetask',1,'2019-10-17 08:41:51'),(28,0,'removetask',1,'2019-10-17 08:42:09'),(29,0,'removetask',1,'2019-10-17 08:42:14'),(30,0,'removetask',1,'2019-10-17 08:42:19'),(31,0,'removetask',1,'2019-10-17 08:42:28'),(32,0,'removetask',1,'2019-10-18 01:56:27'),(33,0,'removetask',1,'2019-10-18 01:56:31'),(34,0,'removetask',1,'2019-10-18 01:56:37'),(35,0,'removetask',1,'2019-10-18 01:56:40'),(36,0,'removetask',1,'2019-10-18 01:56:45'),(37,0,'removetask',1,'2019-10-18 01:56:52'),(38,0,'removetask',1,'2019-10-18 01:58:31'),(39,0,'removetask',1,'2019-10-18 01:58:59'),(40,0,'removetask',1,'2019-10-18 01:59:06'),(41,0,'removetask',1,'2019-10-18 01:59:09'),(42,0,'removetask',1,'2019-10-18 02:04:38'),(43,0,'removetask',1,'2019-10-18 02:04:51'),(44,0,'removetask',1,'2019-10-18 02:04:59'),(45,0,'removetask',1,'2019-10-18 02:05:04'),(46,0,'removetask',1,'2019-10-18 02:35:47'),(47,0,'removetask',1,'2019-10-18 02:35:51'),(48,0,'removetask',1,'2019-10-18 03:24:12'),(49,0,'removetask',1,'2019-10-18 03:24:16'),(50,0,'removetask',1,'2019-10-18 03:24:19'),(51,0,'removetask',1,'2019-10-18 03:24:23'),(52,0,'removetask',1,'2019-10-18 03:24:25'),(53,0,'removetask',1,'2019-10-18 03:24:32'),(54,0,'removetask',1,'2019-10-18 03:24:35'),(55,0,'removetask',1,'2019-10-18 03:24:38'),(56,0,'removetask',1,'2019-10-18 03:24:41'),(57,0,'removetask',1,'2019-10-18 03:24:44'),(58,0,'removetask',1,'2019-10-18 05:43:03'),(59,0,'removetask',1,'2019-10-18 05:43:10'),(60,0,'removetask',1,'2019-10-18 05:43:14'),(61,0,'removetask',1,'2019-10-18 05:43:33'),(62,0,'removetask',1,'2019-10-18 05:43:39'),(63,0,'removetask',1,'2019-10-18 05:44:05'),(64,0,'removetask',1,'2019-10-18 05:44:09'),(65,0,'removetask',1,'2019-10-18 05:44:13'),(66,0,'removetask',1,'2019-10-18 07:07:42'),(67,0,'removetask',1,'2019-10-18 07:08:57'),(68,0,'removetask',1,'2019-10-18 07:09:07');
/*!40000 ALTER TABLE `task_logs` ENABLE KEYS */;
UNLOCK TABLES;

--
-- Table structure for table `task_notification`
--

DROP TABLE IF EXISTS `task_notification`;
/*!40101 SET @saved_cs_client     = @@character_set_client */;
/*!40101 SET character_set_client = utf8 */;
CREATE TABLE `task_notification` (
  `task_notification_id` int(11) NOT NULL AUTO_INCREMENT,
  `comment` text,
  `task_id` int(11) unsigned NOT NULL,
  `user_id` int(11) unsigned NOT NULL,
  `notif_by` int(10) unsigned NOT NULL,
  `seen` smallint(4) unsigned NOT NULL DEFAULT '0',
  `seen_date` datetime DEFAULT NULL,
  `date_added` timestamp NOT NULL DEFAULT CURRENT_TIMESTAMP,
  `action_type` char(5) DEFAULT NULL,
  `system_generated` smallint(4) unsigned NOT NULL DEFAULT '0',
  PRIMARY KEY (`task_notification_id`),
  KEY `task_id` (`task_id`,`user_id`)
) ENGINE=InnoDB AUTO_INCREMENT=101 DEFAULT CHARSET=utf8;
/*!40101 SET character_set_client = @saved_cs_client */;

--
-- Dumping data for table `task_notification`
--

LOCK TABLES `task_notification` WRITE;
/*!40000 ALTER TABLE `task_notification` DISABLE KEYS */;
INSERT INTO `task_notification` VALUES (1,NULL,3,2,1,0,NULL,'2019-07-12 05:59:45','T',0),(2,NULL,4,2,1,1,NULL,'2019-07-12 06:05:47','T',0),(3,'&lt;p&gt;test 1&lt;/p&gt;',4,1,2,1,NULL,'2019-07-12 06:07:18','C',0),(4,'sample',4,2,1,0,NULL,'2019-07-12 06:44:48','C',0),(5,NULL,6,1,2,1,NULL,'2019-07-12 07:53:20','T',0),(6,NULL,7,2,1,0,NULL,'2019-07-15 02:11:44','T',0),(7,NULL,8,2,1,1,NULL,'2019-07-15 03:41:06','T',0),(8,NULL,8,3,1,1,NULL,'2019-07-15 03:45:06','T',0),(9,'&lt;p&gt;test&lt;/p&gt;',8,1,2,1,NULL,'2019-07-15 03:45:27','C',0),(10,'&lt;p&gt;test&lt;/p&gt;',8,3,2,1,NULL,'2019-07-15 03:45:27','C',0),(11,'&lt;p&gt;test2&lt;/p&gt;',8,2,1,1,NULL,'2019-07-15 03:46:59','C',0),(12,'&lt;p&gt;test2&lt;/p&gt;',8,3,1,1,NULL,'2019-07-15 03:46:59','C',0),(13,'&lt;p&gt;reply&lt;/p&gt;',8,1,3,1,NULL,'2019-07-15 04:00:35','C',0),(14,'&lt;p&gt;reply&lt;/p&gt;',8,2,3,1,NULL,'2019-07-15 04:00:35','C',0),(15,'&lt;p&gt;test&lt;/p&gt;',8,2,1,1,NULL,'2019-07-17 03:01:01','C',0),(16,'&lt;p&gt;test&lt;/p&gt;',8,3,1,0,NULL,'2019-07-17 03:01:01','C',0),(17,'&lt;p&gt;sample&lt;/p&gt;',8,2,1,1,NULL,'2019-07-17 03:01:12','C',0),(18,'&lt;p&gt;sample&lt;/p&gt;',8,3,1,0,NULL,'2019-07-17 03:01:12','C',0),(19,'&lt;p&gt;test&lt;/p&gt;',8,2,1,1,NULL,'2019-07-17 03:01:53','C',0),(20,'&lt;p&gt;test&lt;/p&gt;',8,3,1,0,NULL,'2019-07-17 03:01:53','C',0),(21,'test',8,2,1,1,NULL,'2019-08-06 07:10:57','C',0),(22,'test',8,3,1,0,NULL,'2019-08-06 07:10:57','C',0),(23,NULL,9,2,1,1,NULL,'2019-10-02 03:33:55','T',0),(24,NULL,10,2,1,1,NULL,'2019-10-02 03:35:00','T',0),(25,'&lt;p&gt;test reply&lt;/p&gt;',10,1,2,1,NULL,'2019-10-02 03:37:13','C',0),(26,NULL,11,2,1,1,NULL,'2019-10-02 07:13:29','T',0),(27,NULL,12,2,1,1,NULL,'2019-10-02 07:14:30','T',0),(28,NULL,13,2,1,1,NULL,'2019-10-02 07:15:34','T',0),(29,NULL,14,2,1,1,NULL,'2019-10-02 07:16:11','T',0),(30,NULL,15,2,1,0,NULL,'2019-10-02 07:16:53','T',0),(31,NULL,16,2,1,0,NULL,'2019-10-02 07:17:36','T',0),(32,NULL,17,2,1,1,NULL,'2019-10-02 07:34:52','T',0),(33,'&lt;p&gt;test&lt;/p&gt;',11,1,2,0,NULL,'2019-10-02 07:51:50','C',0),(34,'&lt;p&gt;test&lt;/p&gt;',17,1,2,0,NULL,'2019-10-02 07:52:42','C',0),(35,'&lt;p&gt;test&lt;/p&gt;',9,1,2,0,NULL,'2019-10-02 07:53:14','C',0),(36,'&lt;p&gt;test&lt;/p&gt;',12,1,2,0,NULL,'2019-10-02 07:53:58','C',0),(37,'&lt;p&gt;test&lt;/p&gt;',13,1,2,0,NULL,'2019-10-02 07:57:32','C',0),(38,NULL,18,2,1,0,NULL,'2019-10-04 07:20:52','T',0),(39,NULL,19,2,1,0,NULL,'2019-10-10 05:20:06','T',0),(40,NULL,20,2,1,0,NULL,'2019-10-10 05:21:20','T',0),(41,NULL,21,2,1,0,NULL,'2019-10-10 05:22:36','T',0),(42,NULL,22,2,1,0,NULL,'2019-10-10 05:23:09','T',0),(43,NULL,23,2,1,0,NULL,'2019-10-10 05:23:42','T',0),(44,NULL,24,2,1,0,NULL,'2019-10-17 06:35:22','T',0),(45,NULL,25,2,1,0,NULL,'2019-10-17 06:36:57','T',0),(46,NULL,26,3,1,0,NULL,'2019-10-17 06:40:00','T',0),(47,NULL,27,3,1,0,NULL,'2019-10-17 06:42:31','T',0),(48,NULL,28,3,1,0,NULL,'2019-10-17 06:43:23','T',0),(49,NULL,29,3,1,0,NULL,'2019-10-17 06:44:44','T',0),(50,NULL,30,3,1,0,NULL,'2019-10-17 06:47:00','T',0),(51,NULL,31,3,1,0,NULL,'2019-10-17 06:48:10','T',0),(52,NULL,32,3,1,0,NULL,'2019-10-17 06:50:58','T',0),(53,NULL,33,3,1,0,NULL,'2019-10-17 06:51:52','T',0),(54,NULL,34,2,1,0,NULL,'2019-10-17 06:57:09','T',0),(55,NULL,35,2,1,0,NULL,'2019-10-17 07:01:28','T',0),(56,NULL,36,3,1,0,NULL,'2019-10-17 07:02:26','T',0),(57,NULL,37,3,1,0,NULL,'2019-10-17 07:06:56','T',0),(58,NULL,38,3,1,0,NULL,'2019-10-17 07:08:02','T',0),(59,NULL,39,3,1,0,NULL,'2019-10-17 07:08:03','T',0),(60,NULL,42,3,1,0,NULL,'2019-10-17 07:32:39','T',0),(61,NULL,45,2,1,0,NULL,'2019-10-17 07:49:04','T',0),(62,NULL,46,2,1,0,NULL,'2019-10-17 08:06:27','T',0),(63,NULL,47,2,1,0,NULL,'2019-10-17 08:27:04','T',0),(64,NULL,48,2,1,0,NULL,'2019-10-17 08:37:05','T',0),(65,NULL,50,2,1,0,NULL,'2019-10-17 08:44:19','T',0),(66,NULL,51,2,1,0,NULL,'2019-10-17 08:55:22','T',0),(67,NULL,52,2,1,0,NULL,'2019-10-17 08:58:25','T',0),(68,NULL,53,2,1,0,NULL,'2019-10-17 09:05:19','T',0),(69,NULL,54,2,1,0,NULL,'2019-10-17 09:11:32','T',0),(70,NULL,55,2,1,0,NULL,'2019-10-17 09:17:09','T',0),(71,NULL,56,2,1,0,NULL,'2019-10-17 09:42:07','T',0),(72,NULL,57,2,1,0,NULL,'2019-10-17 09:47:43','T',0),(73,NULL,58,2,1,0,NULL,'2019-10-17 11:20:10','T',0),(74,NULL,59,2,1,0,NULL,'2019-10-17 11:20:12','T',0),(75,NULL,60,2,1,0,NULL,'2019-10-18 02:06:56','T',0),(76,NULL,61,3,1,0,NULL,'2019-10-18 02:12:27','T',0),(77,NULL,62,2,1,0,NULL,'2019-10-18 02:18:26','T',0),(78,NULL,63,2,1,0,NULL,'2019-10-18 02:22:34','T',0),(79,NULL,64,2,1,0,NULL,'2019-10-18 02:36:16','T',0),(80,NULL,65,2,1,0,NULL,'2019-10-18 02:47:04','T',0),(81,NULL,66,2,1,0,NULL,'2019-10-18 02:55:25','T',0),(82,NULL,67,2,1,0,NULL,'2019-10-18 02:56:05','T',0),(83,NULL,68,2,1,0,NULL,'2019-10-18 03:05:30','T',0),(84,NULL,69,2,1,0,NULL,'2019-10-18 03:06:32','T',0),(85,NULL,70,2,1,0,NULL,'2019-10-18 03:20:30','T',0),(86,NULL,71,2,1,0,NULL,'2019-10-18 03:21:46','T',0),(87,NULL,72,2,1,0,NULL,'2019-10-18 03:22:41','T',0),(88,NULL,73,2,1,0,NULL,'2019-10-18 03:25:04','T',0),(89,NULL,74,2,1,0,NULL,'2019-10-18 03:31:27','T',0),(90,NULL,75,2,1,0,NULL,'2019-10-18 03:45:01','T',0),(91,NULL,76,2,1,0,NULL,'2019-10-18 05:13:40','T',0),(92,NULL,77,2,1,0,NULL,'2019-10-18 05:29:54','T',0),(93,NULL,78,2,1,0,NULL,'2019-10-18 05:32:05','T',0),(94,NULL,79,2,1,0,NULL,'2019-10-18 05:34:12','T',0),(95,NULL,80,2,1,0,NULL,'2019-10-18 05:37:18','T',0),(96,NULL,81,2,1,0,NULL,'2019-10-18 06:23:23','T',0),(97,NULL,82,2,1,0,NULL,'2019-10-18 06:23:59','T',0),(98,NULL,83,2,1,0,NULL,'2019-10-18 07:09:37','T',0),(99,NULL,84,2,1,0,NULL,'2019-10-18 07:15:28','T',0),(100,NULL,85,2,1,0,NULL,'2019-10-18 07:21:35','T',0);
/*!40000 ALTER TABLE `task_notification` ENABLE KEYS */;
UNLOCK TABLES;

--
-- Table structure for table `task_users`
--

DROP TABLE IF EXISTS `task_users`;
/*!40101 SET @saved_cs_client     = @@character_set_client */;
/*!40101 SET character_set_client = utf8 */;
CREATE TABLE `task_users` (
  `task_users_id` int(10) unsigned NOT NULL AUTO_INCREMENT,
  `parent_user_id` int(10) unsigned NOT NULL,
  `child_user_id` int(10) unsigned NOT NULL,
  `parent_team_user_id` int(10) unsigned NOT NULL DEFAULT '0' COMMENT 'NOT 0 IF THE USER CREATES OTHER TEAM THAT IS PART OF THE BUSINESS',
  `created_at` timestamp NULL DEFAULT CURRENT_TIMESTAMP,
  `updated_at` timestamp NULL DEFAULT NULL,
  PRIMARY KEY (`task_users_id`),
  KEY `task_users_parent_user_id_index` (`parent_user_id`),
  KEY `task_users_child_user_id_index` (`child_user_id`),
  KEY `task_users_parent_team_user_id_index` (`parent_team_user_id`)
) ENGINE=InnoDB AUTO_INCREMENT=4 DEFAULT CHARSET=utf8;
/*!40101 SET character_set_client = @saved_cs_client */;

--
-- Dumping data for table `task_users`
--

LOCK TABLES `task_users` WRITE;
/*!40000 ALTER TABLE `task_users` DISABLE KEYS */;
INSERT INTO `task_users` VALUES (1,1,2,0,'2019-07-12 03:09:50',NULL),(2,1,1,0,'2019-07-12 03:09:50',NULL),(3,1,3,0,'2019-07-12 03:31:54',NULL);
/*!40000 ALTER TABLE `task_users` ENABLE KEYS */;
UNLOCK TABLES;

--
-- Table structure for table `tasks`
--

DROP TABLE IF EXISTS `tasks`;
/*!40101 SET @saved_cs_client     = @@character_set_client */;
/*!40101 SET character_set_client = utf8 */;
CREATE TABLE `tasks` (
  `task_id` int(10) unsigned NOT NULL AUTO_INCREMENT,
  `task_unique` text,
  `title` varchar(191) NOT NULL,
  `category_id` int(11) unsigned NOT NULL DEFAULT '1',
  `task_percentage` int(11) unsigned NOT NULL DEFAULT '0',
  `description` varchar(191) NOT NULL,
  `created_by` int(10) unsigned NOT NULL,
  `deadline` date NOT NULL,
  `date_finished` datetime DEFAULT NULL,
  `task_status` char(191) NOT NULL DEFAULT 'N',
  `status` char(191) NOT NULL DEFAULT 'A',
  `type` varchar(2) NOT NULL,
  `created_at` timestamp NULL DEFAULT CURRENT_TIMESTAMP,
  `updated_at` timestamp NULL DEFAULT NULL,
  PRIMARY KEY (`task_id`),
  KEY `tasks_created_by_index` (`created_by`)
) ENGINE=InnoDB AUTO_INCREMENT=86 DEFAULT CHARSET=utf8;
/*!40101 SET character_set_client = @saved_cs_client */;

--
-- Dumping data for table `tasks`
--

LOCK TABLES `tasks` WRITE;
/*!40000 ALTER TABLE `tasks` DISABLE KEYS */;
INSERT INTO `tasks` VALUES (1,'$2y$10$Yhv4KaZr8hU016Io.9yEfeZ7SDFnHl0bPoENT24b1ZhlAmx/ye.Z6','Test Task 1',1,100,'<p>Sample description</p><p>for Test Task 1</p>',1,'2019-07-13',NULL,'N','H','P','2019-07-12 03:54:02',NULL),(2,'$2y$10$mWzQ.U8QWlSDaZvyVuBPE./BwjlFEZjy25byjPogXiqLYC4H8Opvi','Test Task 1',1,100,'<p>Sample description</p><p>for Test Task 1</p>',1,'2019-07-13',NULL,'N','H','P','2019-07-12 03:57:15',NULL),(3,'$2y$10$yQyIzzKT.WxQpE9t1NhMBuUTXeN8XWAJTu56Sup1R2GjYB1.7XohW','Test Task 1',1,100,'<p>sadfghh</p>',1,'2019-07-20',NULL,'N','H','P','2019-07-12 03:57:57',NULL),(4,'$2y$10$O67qtxlPNpbDArnGYRHVOOxdOMDwCdt2fl4mkmE.hM5.UV5yAT4PC','Test Task 1',1,100,'<p>Sample description</p><p>for test task 1</p>',1,'2019-07-13',NULL,'I','H','P','2019-07-12 06:05:36',NULL),(5,'$2y$10$dKAAmkJHUMpLzJCAN.6IFOqHwFapNlzoCOSqVDAUvTmEdSRHhtZGa','Test Task 2',1,100,'<p>sample description</p><p>for test task 2</p>',2,'2019-07-13',NULL,'N','H','P','2019-07-12 06:21:52',NULL),(6,'$2y$10$CeR/a6L6NN.Z4shSnL/0AOYineF4w3cMWcOLiiEScxD.g9FD9qpA6','test 3',1,100,'<p>test</p>',2,'2019-07-19',NULL,'N','H','P','2019-07-12 07:50:37',NULL),(7,'$2y$10$/SKZEtwnUzzRn/AOvvyURuJzeWWSz4Ha.imWJDrJKSIT8OYC621zG','Test Task 4',1,100,'<p>test</p>',1,'2019-07-17',NULL,'N','H','P','2019-07-15 02:11:44',NULL),(8,'$2y$10$gRgmfy/oBG4wOeYlL1XFLeRDUsyZVWouiEMnIdzK24YrxTB3yemPC','Test Task 1',1,100,'<p>test description</p>',1,'2019-07-16',NULL,'C','A','P','2019-07-15 03:41:06',NULL),(9,'$2y$10$qpiSwfvDMa.BlI2v58gRteU39rJF4sPLx5fHKr3s2FymvXrQc6S.S','Test Task 2',1,100,'<p>Sample Test Task 2 description</p><p>test sample</p>',1,'2019-10-02',NULL,'I','A','P','2019-10-02 03:33:55',NULL),(10,'$2y$10$AO3Q9rTBqP0ICUU2ehJFPucfE1otPvI1uLya2kPTo3p1ox2KoXcye','Test Task 3',1,100,'<p>Task Sample</p><p>description</p><p>testing description</p>',1,'2019-10-02',NULL,'I','A','P','2019-10-02 03:34:58',NULL),(11,'$2y$10$PiFYLIHBOt1V9.dAeGrTo.CKhKTnRAvTvnz27MJ9jYcrvW1IL90bi','Test Task 4',1,100,'<p>sample description</p><p>test</p>',1,'2019-10-02',NULL,'I','A','P','2019-10-02 07:13:28',NULL),(12,'$2y$10$frBGATaV/GZCaFnbzPLL1OVbPWcDk2xg947XmHzkIZSlRp.E3/GiC','Test Task 5',1,100,'<p>test sample description</p><p>sample</p>',1,'2019-10-02',NULL,'I','A','P','2019-10-02 07:14:29',NULL),(13,'$2y$10$Rnpp9KSks.I3IZpv0zR1mOajruCEO1yNceLoC41GzzSXkEKLe8/LS','Test Task 6',1,100,'<p>sample description</p><p>test</p>',1,'2019-10-02',NULL,'I','A','P','2019-10-02 07:15:34',NULL),(14,'$2y$10$qs5w8USt5fFPFlONMQrepOmETuC4nzlzOqZ.pNf8ZC6UYGYai5ILG','Test Task 7',1,100,'<p>sample test</p><p>description</p>',1,'2019-10-02',NULL,'N','A','P','2019-10-02 07:16:11',NULL),(15,'$2y$10$WsW9tyTLf096OjGk8uM75.Nr0KnpxDI0GfzJSTd58SiVAD1U/bX8y','Test Task 8',1,100,'<p>sample description</p><p>test</p>',1,'2019-10-02',NULL,'N','H','P','2019-10-02 07:16:52',NULL),(16,'$2y$10$QZkqm6Cx9CF3Psf5yYJcT.HPwZ44Vmky5/WMCPF9AUC7TjLsjCnZW','Test Task 9',1,100,'<p>sample</p><p>description</p>',1,'2019-10-02',NULL,'N','H','P','2019-10-02 07:17:35',NULL),(17,'$2y$10$DiILjK1R4wxK3oaqdNCBcuKXU1xd56PPlnyQX9hotvyFTx2DU.Q0m','Test Task 8',1,100,'<p>sample</p><p>test</p><p>description</p><p>sample</p><p>testing</p>',1,'2019-10-02',NULL,'I','A','P','2019-10-02 07:34:51',NULL),(18,'$2y$10$vovss1xJK/5ej8565CLh4OppMUmBUE0NEyxBnWlG5mNzZr48gcHty','asd3243432',1,100,'<p>4234234324234324234</p>',1,'2019-10-16',NULL,'N','H','P','2019-10-04 07:20:52',NULL),(19,'$2y$10$Zw04gH6k.UxWH2696Qf8WO24NALd/Pzykb.S1KbLHpoDTBe9MLbC2','Test 1',1,100,'<p><span style=\"color: rgb(0, 0, 0); font-family: Consolas, &quot;courier new&quot;; font-size: 16px;\">alert(</span><span class=\"jsstringcolor\" style=\"box-sizing: inherit; color: brown; font-',1,'2019-10-11',NULL,'N','H','P','2019-10-10 05:20:05',NULL),(20,'$2y$10$7Qz4ZPSpAUy0THLS.d8PzOu1O/jJBYiWmTilhuyhphDgpQurt.AvG','Test 2',1,100,'&lt;p&gt;&lt;span style=&quot;color: rgb(0, 0, 0); font-family: Consolas, &amp;quot;courier new&amp;quot;; font-size: 16px;&quot;&gt;alert(&lt;/span&gt;&lt;span class=&quot;jsstringcolor&quot',1,'2019-10-19',NULL,'N','H','P','2019-10-10 05:21:20',NULL),(21,'$2y$10$MIET/kzqgMXSIGN5s0FNf.Vd4C0s2vjFdiJDS39v0cRCZ4A1C/mJm','Test 3',1,100,'&lt;p&gt;&lt;font color=&quot;#000000&quot; face=&quot;Consolas, courier new&quot;&gt;&lt;span style=&quot;font-size: 16px;&quot;&gt;alert(&quot;sample&quot;);&lt;/span&gt;&lt;/font&gt;&lt;/p',1,'2019-10-31',NULL,'N','H','P','2019-10-10 05:22:36',NULL),(22,'$2y$10$wIUP1m7MdecVsrLCjFKx8e2QY8AeV.7QfFTx/K5aCa/4dECWG1Uui','tet',1,100,'&lt;p&gt;alert(\'test\');&lt;/p&gt;',1,'2019-10-24',NULL,'N','H','P','2019-10-10 05:23:08',NULL),(23,'$2y$10$v67hHZp3fT.4kRQXoYC4/OTNYPvec3/QxQCgjr1MbVXM7.Us9imqW','test 4',1,100,'&lt;p&gt;alert(&#039;test&#039;);&lt;/p&gt;',1,'2019-10-19',NULL,'N','H','P','2019-10-10 05:23:41',NULL),(24,'$2y$10$fHleAgQyGTUGhCI/zDJZgeKYcrB1sBAuDCHX9vG2orTkTFokpPG6G','Test Launch Date',3,100,'<p>asdasdasdasdasd</p>',1,'2019-10-14',NULL,'N','A','P','2019-10-17 06:35:22',NULL),(25,'$2y$10$nxxt9c/FnO8y3DjQPj/UXuD6eaA8utz8.i5ycyowmClkPzw6XA.M6','4234234',4,100,'<p>234234234234234234</p>',1,'2019-10-24',NULL,'N','H','P','2019-10-17 06:36:56',NULL),(26,'$2y$10$V8bGDpYwRaswJYQMOvDu0.pY7VjzoAcMHC7i8epxOy/F2WVdv8m3S','Test Launch Date',3,100,'<p>test</p>',1,'2019-10-25',NULL,'N','A','P','2019-10-17 06:39:59',NULL),(27,'$2y$10$qGIKsGKCnrLW3gw86xSEIORBWI0wtpOx/vvVshaO0vYih6iDfKDaG','3423424',1,100,'<p>23324234asdyfdshgrfdflhfyskldafhLKjfhsdkflygsdflsasdasdadasdsdasdsa</p><p>das</p><p>das</p><p>das</p><p>dasd</p><p>asd</p><p>asd</p><p>asd</p><p>asd</p><p>asd</p><p>asd</p><p>as</p><p>dasd',1,'2019-10-15',NULL,'N','H','P','2019-10-17 06:42:31',NULL),(28,'$2y$10$5/24zXTeP/0IoPeWZFLnDez0Ptwnk7vJ/fRw1Ylv0zsUa57o6QvnG','SBS0181 KATIE',5,100,'<p>test1234</p>',1,'2019-10-17',NULL,'N','H','P','2019-10-17 06:43:23',NULL),(29,'$2y$10$ImWE6/IHDN2d5tl0pCp3Gu5zCgNaEdMZOselqXbYUcjYzDGnSjTQG','Test Launch Date',3,100,'<p>zgn;dfhgliygfperyperutpoauiopertre7twoeptuoretuepoturoptueroturetutoiertuoiperwtuoierpwt7rottoiuoitueoitueroiputuettttjeljerltjer;tjerktjelkjtl;erjt;jtelwrjteljtelr;jtl;rjtl;tjljterjt;</p>',1,'2019-10-11',NULL,'N','H','P','2019-10-17 06:44:44',NULL),(30,'$2y$10$dnRTR7h90xZ3Z4uCm4vynuN/Hk5vRg.8qOpKBtD0H.CKXNrn3QkGO','23324234234234',3,100,'<p>2dsdfgdfg</p>',1,'2019-10-24',NULL,'N','H','P','2019-10-17 06:46:59',NULL),(31,'$2y$10$9cuDCDONTiumx7T.T8JVDe68iAI23oSGodD7CwtdshvCzL4dFjnRq','SBS0181 KATIE',3,100,'<p>tetsasdsdasdasdasd</p>',1,'2019-10-25',NULL,'N','H','P','2019-10-17 06:48:09',NULL),(32,'$2y$10$Q1kJ/9xwZzzZh/aarwe/l.xLClGi2aEKb2RxRX3cA4vpEMymG1A6S','234234,bdslfgsda;lfsadhio',3,100,'<p>ASDASDSADASDfdsd</p>',1,'2019-10-17',NULL,'N','H','P','2019-10-17 06:50:57',NULL),(33,'$2y$10$XDCGs7DJiJXnvQL/uw.4Xukt5AvM64jCHPmYgblxe5Yb5U/uniBKe','SBS0181 KATIE',3,100,'<p><b>adasdasd</b></p>',1,'2019-10-17',NULL,'N','H','P','2019-10-17 06:51:52',NULL),(34,'$2y$10$w7nTUezkZycbimM8X7bFEOAxGEbpmmgVNM4UBNY6Hcux9M/ECyFLG','Test Launch Date',3,100,'<p>asdasdasdasd</p>',1,'2019-10-08',NULL,'N','H','P','2019-10-17 06:57:09',NULL),(35,'$2y$10$665X.rZsrlnaKEtaWgdLfelQI6Chqxb776kzv7EpJZnA1acmyRIc.','32234',4,100,'<p>24sdsdasdasdasd</p>',1,'2019-10-16',NULL,'N','H','P','2019-10-17 07:01:27',NULL),(36,'$2y$10$Dl6fE5eSPdnYT8bKmvp5y.fCIhv09nKNzk74JNrjFiObyhl9HZpP.','23432423',4,100,'<p>dsfhkasdhdflhkdfahlkfdahidfsahiofhfdsafasdhfasdasafdjl</p>',1,'2019-10-19',NULL,'N','H','P','2019-10-17 07:02:26',NULL),(37,'$2y$10$T/FFGr/QszN7Q0PF9pwCFett5Mq56phBX46v/0HeVmXsYvyrooyI6','34545345',5,100,'<p>34tertertwertert</p>',1,'2019-10-16',NULL,'N','H','P','2019-10-17 07:06:56',NULL),(38,'$2y$10$ka6gt9kslm/pzRncJnVjo.8PF5ZfSMltGBo48dU9KHTgEIoDEd8.i','34545345',5,100,'<p>34tertertwertert</p>',1,'2019-10-16',NULL,'N','H','P','2019-10-17 07:08:02',NULL),(39,'$2y$10$4upqYTcmOHlddI85a25rc./b1scfNW8rxPZacPuddIeKXpXz9NMT2','34545345',5,100,'<p>34tertertwertert</p>',1,'2019-10-16',NULL,'N','H','P','2019-10-17 07:08:03',NULL),(40,'$2y$10$WpK5etMSbp1QXFxuGDg.7ulRk7wAPQpX3JqWP2UMdTyWWFIUy5q6W','Test',1,100,'<p>test</p>',1,'2019-10-17',NULL,'N','A','P','2019-10-17 07:28:33',NULL),(41,'$2y$10$y.sjP/sPWCSdfViU0aEQpeW6HrRsaSgD/Ucde1umBtyMGLnxCq1La','Test',1,100,'<p>test</p>',1,'2019-10-17',NULL,'N','A','P','2019-10-17 07:29:34',NULL),(42,'$2y$10$1e.2COIXplkS6tIAo9OGAePgbShoDbJyp16eYVehQA2aRDJ4tvxEO','12wer',3,100,'<p>asdassdaasd</p>',1,'2019-10-24',NULL,'N','H','P','2019-10-17 07:32:39',NULL),(43,'$2y$10$6O0iD6Nd918hls2ninDBm.M/EuADPifQVM35h4sFebWsd79twZ07.','1234567890-',1,100,'<p>xdfdfsf</p>',1,'2019-10-15',NULL,'N','A','P','2019-10-17 07:38:08',NULL),(44,'$2y$10$JlYLE1yKHsU5DOndiSslgen0HvHKJwbQQGB/UFVDkLLFlj.oFMUci','ffff',1,100,'<p>fffff</p>',1,'2019-10-17',NULL,'N','A','P','2019-10-17 07:39:34',NULL),(45,'$2y$10$wq3SA8gn5CyoY57nX6LfXOM5uLYu/kZrDOq.W5/mWhkRhjW1uhZZK','Test',1,100,'<p>sample description</p>',1,'2019-10-17',NULL,'N','H','P','2019-10-17 07:49:02',NULL),(46,'$2y$10$nCFx/NfkgyqMPh8odGZQaei4cMhcovbfhp24f.ykJs/UwYBTxwlHy','test2',1,100,'<p>test</p>',1,'2019-10-17',NULL,'N','H','P','2019-10-17 08:06:27',NULL),(47,'$2y$10$nxGQ1LbHM4LmZzeNBjBFkOQfQY9erTH/nqD3ST7Cw9AEMdbAQCUEi','test3',1,100,'<p>test</p>',1,'2019-10-17',NULL,'N','H','P','2019-10-17 08:27:04',NULL),(48,'$2y$10$/nqXHekMKoiYJrJwqI1Okesf.kzlYkWPcY6r9Ol.79Pf3A0qcXN7m','test4',1,100,'<p>test4</p>',1,'2019-10-17',NULL,'N','H','P','2019-10-17 08:37:04',NULL),(49,'$2y$10$c8PnVWzFEKRYes1POVZQs.RyTe6Dj7w2jETAQ2/FwSt1udKPYK5IG','Test 1',1,100,'<p>test</p><p>sample</p><p>description</p><p>for</p><p>testing&nbsp;</p><p>purpose</p><p>only</p>',1,'2019-10-17',NULL,'N','A','P','2019-10-17 08:43:07',NULL),(50,'$2y$10$grLZ9SinrLwV/3fJRN..HOIOqKUhgmhOt4uNphR0pIf4i/XhEjPG6','Test 1',1,100,'<p>sample</p><p>description</p><p>for</p><p>testing</p><p>purpose</p><p>only</p>',1,'2019-10-17',NULL,'N','H','P','2019-10-17 08:44:17',NULL),(51,'$2y$10$JkTk.w/HCp3UAjN2uosRFuxRKiPON1.ycEaavIG69ZprgtWnr.QC6','Test2',1,100,'<p>test</p>',1,'2019-10-17',NULL,'N','H','P','2019-10-17 08:55:20',NULL),(52,'$2y$10$BYmJe4PfsqEIZ1yqwWIc5.MRydH31OciZv8/lM2rrmlZhEdfKP0py','Test3',1,100,'<p>test</p>',1,'2019-10-17',NULL,'N','H','P','2019-10-17 08:58:23',NULL),(53,'$2y$10$cPj4irkExXTK/z0kznT9au5laBpaqG4OA7Vq.ZgAlQ0tVnXWjFbiG','Test 4',1,100,'<p>test</p>',1,'2019-10-17',NULL,'N','H','P','2019-10-17 09:05:17',NULL),(54,'$2y$10$7nOMgS2FAlSktpBGYiZet.oc.TaV4B8K1lN263wp6Ucr/xfb2c6jG','Test 5',1,100,'<p>test</p>',1,'2019-10-17',NULL,'N','H','P','2019-10-17 09:11:29',NULL),(55,'$2y$10$SXfmVRzpB5xkIMjMF4XZ5u.eV.ZB0pn31pNQkyLSkWKTOkEUQc7rO','Test 6',1,100,'<p>test</p>',1,'2019-10-17',NULL,'N','H','P','2019-10-17 09:17:07',NULL),(56,'$2y$10$/EW3su/pOhyrL2YIR5Za6OgB8t6kodJUZwguHY9O8Iiwdk2gZhW1O','Test 6',1,100,'<p>test</p>',1,'2019-10-17',NULL,'N','H','P','2019-10-17 09:42:05',NULL),(57,'$2y$10$MjdpKUOyacj4J6K2ckNDjesxV1T0xmScKVMhfBrugQQqVCwTcRpq2','Test 7',1,100,'<p>test</p>',1,'2019-10-17',NULL,'N','H','P','2019-10-17 09:47:42',NULL),(58,'$2y$10$7ZGQrbIdWbiPqH8sq2PP6uT9Re7YY/lgm1pcqQrvLSCzNut6fiFrW','Test 8',1,100,'<p>test</p>',1,'2019-10-17',NULL,'N','H','P','2019-10-17 11:20:05',NULL),(59,'$2y$10$CnTJqTUAMEyvE7qETy4.r.72J/8a/AOgy8nB55i1e6booHxvGzmXq','Test 8',1,100,'<p>test</p>',1,'2019-10-17',NULL,'N','H','P','2019-10-17 11:20:11',NULL),(60,'$2y$10$lhoe37FSvReNc1XIlTqQreRc6IN4rwLos/EDSyQr7EJ4FblHxE9jy','Test Task 1',1,100,'<p>sample</p><p>test</p><p><br></p><p>task</p><p>description</p>',1,'2019-10-18',NULL,'N','H','P','2019-10-18 02:06:53',NULL),(61,'$2y$10$f.Fd3NneIUq/bajRf5mUjO5llfHh4PN8NBBiIba7HN65WVP0xbmja','Test Task 2',1,100,'<p>sample</p><p>test</p><p><br></p><p>task</p><p>description</p>',1,'2019-10-18',NULL,'N','H','P','2019-10-18 02:12:25',NULL),(62,'$2y$10$98GRhIftTz36bxUytk2PZuKzoHzgHbKzsiH6asfWfo2ZIqCD1awrW','Test Task 3',1,100,'<p>sample</p><p>description</p><p><br></p><p>test</p>',1,'2019-10-18',NULL,'N','H','P','2019-10-18 02:18:24',NULL),(63,'$2y$10$0ROoy0sYSnEVk4FqztpkquX1GCx9PNcxb3uilondQG86Kr3QnzLh.','Test Task 4',1,100,'<p>test</p><p>sample</p>',1,'2019-10-18',NULL,'N','H','P','2019-10-18 02:22:32',NULL),(64,'$2y$10$iI3rkiy/Z4hSE/OR4s3DoOm068I7XliyWxwLukgdzEoT8IKdxL0ym','Test 3',1,100,'<p>test</p><p>sample</p><p><br></p><p>sample</p>',1,'2019-10-18',NULL,'N','H','P','2019-10-18 02:36:16',NULL),(65,'$2y$10$lwm8OYE7crUB077RDeiiIe3QMWir3Rx6LlyEUPUObCvewm4b6Ba/G','Test 4',1,100,'<p>sample</p><p>test</p><p><br></p><p>description</p>',1,'2019-10-18',NULL,'N','H','P','2019-10-18 02:47:03',NULL),(66,'$2y$10$rL7Bs3pswjfPrgAoWfPA5uvyx9iOvBMl6.1Ge0mlzRGAW5Zajz7OO','Test 5',1,100,'<p>test</p>',1,'2019-10-18',NULL,'N','H','P','2019-10-18 02:55:24',NULL),(67,'$2y$10$0gl8.7YLFa4/1fI9r2EGEu6o/IDXN/wI3mxllxL/HXRmC6uBVP2ES','Test 6',1,100,'<p>test</p>',1,'2019-10-18',NULL,'N','H','P','2019-10-18 02:56:04',NULL),(68,'$2y$10$QP6l1fccpmZ6i1o2gq78kOoWBpyF7EwNo2m4aY2cynwCAhQITdIcW','Test 7',1,100,'<p>sample</p><p>test</p><p>description</p>',1,'2019-10-18',NULL,'N','H','P','2019-10-18 03:05:30',NULL),(69,'$2y$10$4um6lUdfQDl/NU.vqGbDp.xi7UcpzilXPj6pNWGkjRwzkhYGH89lC','Test 8',1,100,'<p>sample</p><p>test</p>',1,'2019-10-18',NULL,'N','H','P','2019-10-18 03:06:31',NULL),(70,'$2y$10$6XEYr.zy9oPPpL3CYAcCM.oWueRBU4AglCYVb2QLeyLsS5.FA5Fhi','test9',1,100,'<p>test</p>',1,'2019-10-18',NULL,'N','H','P','2019-10-18 03:20:29',NULL),(71,'$2y$10$2qlVMWLh/pGrirot9YlMguR2cloedvraoZHPkwqCdFTm5osjddc0u','Test 10',1,100,'<p>test</p>',1,'2019-10-18',NULL,'N','H','P','2019-10-18 03:21:45',NULL),(72,'$2y$10$.HUZM3.PPkWz9gUCUi3pkuuvGF83EXNOL5ZPSxUMt4WqKunQd/aF2','test 11',1,100,'<p>test</p>',1,'2019-10-18',NULL,'N','H','P','2019-10-18 03:22:40',NULL),(73,'$2y$10$KDUPsROlcOh/OgNfBalCeurU00hZ6TWQVGW5NsufGEggT8GMN8e2u','test 2',1,100,'<p>test</p><p>sample</p>',1,'2019-10-18',NULL,'N','H','P','2019-10-18 03:25:04',NULL),(74,'$2y$10$sGGc.j5mLIBT2O1.yui.3umWDsfYTe64vbWQwx78xCLCFeNMAF8xa','Test 3',1,100,'<p>test</p>',1,'2019-10-18',NULL,'N','H','P','2019-10-18 03:31:27',NULL),(75,'$2y$10$RLah3051G4udEHjCK5duauWuOkD4uYJITt0La91gCOePrLoiAQiuW','Test 4',1,100,'<p>test</p><p>sample</p>',1,'2019-10-18',NULL,'N','H','P','2019-10-18 03:45:01',NULL),(76,'$2y$10$.evZuVL98DXaFIzeIYYM5uoIRKsMcteGFvrHcuhfQi4a/MLQbX83O','Task 5',1,100,'<p>test</p>',1,'2019-10-18',NULL,'N','H','P','2019-10-18 05:13:39',NULL),(77,'$2y$10$H5/K3/mT1prsh8Q4qrYhj.pR4IFuVyNOta3Vc75VU3iNs0AphS6ie','test6',1,100,'<p>test</p>',1,'2019-10-18',NULL,'N','H','P','2019-10-18 05:29:54',NULL),(78,'$2y$10$vu2FpmOviozpx61jwFR.fesxI7lg8PPlyg6mohVwzS4sFpRYbgjjW','test 7',1,100,'<p>test</p>',1,'2019-10-18',NULL,'N','H','P','2019-10-18 05:32:04',NULL),(79,'$2y$10$I/8ZVnWEs8/vMmzcA0TpVu32ZC.it68pMoQ/WF4rBd7iNW/nhSoBy','test8',1,100,'<p>test</p>',1,'2019-10-18',NULL,'N','H','P','2019-10-18 05:34:12',NULL),(80,'$2y$10$G9UCkC51f05F4LiJW9kkNeSBHmUe47nVGfbd9IUB8VQGcboca6S7e','test 8',1,100,'<p>test</p>',1,'2019-10-18',NULL,'N','H','P','2019-10-18 05:37:18',NULL),(81,'$2y$10$At/hxyjnxbOzNyVps25/Y.nCl5FFzBzZgfqlKsa5JmAL2YfcPPK5u','test2',1,100,'<p>test</p>',1,'2019-10-18',NULL,'N','H','P','2019-10-18 06:23:23',NULL),(82,'$2y$10$KTs7K/lyczmROdp5r3/2JeOcsTBzi8Zp8hokteQRYI7tgQo5upnoi','test3',1,100,'<p>test</p>',1,'2019-10-18',NULL,'N','H','P','2019-10-18 06:23:59',NULL),(83,'$2y$10$x/5ffCqKHwaHMKqxka1stOorYX1WjVoj7.gm7lWwMNcxh09pPn.2y','Test 2',1,100,'<p>test</p>',1,'2019-10-18',NULL,'N','A','P','2019-10-18 07:09:37',NULL),(84,'$2y$10$iX.ogkokk5vVqGAUbxV/keib2o0mfkV62WdYbdClyK0xXigi1cHFa','Test 3',1,100,'<p>test</p>',1,'2019-10-18',NULL,'N','A','P','2019-10-18 07:15:27',NULL),(85,'$2y$10$4cnisgVBuJ9JTv.iSAIP7Oc/08.khUiU2oTdD/WwJsIAlnKD.l4v.','test 4',1,100,'<p>test</p>',1,'2019-10-18',NULL,'N','A','P','2019-10-18 07:21:34',NULL);
/*!40000 ALTER TABLE `tasks` ENABLE KEYS */;
UNLOCK TABLES;

--
-- Table structure for table `tasks_attachment`
--

DROP TABLE IF EXISTS `tasks_attachment`;
/*!40101 SET @saved_cs_client     = @@character_set_client */;
/*!40101 SET character_set_client = utf8 */;
CREATE TABLE `tasks_attachment` (
  `tasks_attachment_id` int(10) unsigned NOT NULL AUTO_INCREMENT,
  `image` varchar(191) NOT NULL,
  `status` int(1) unsigned NOT NULL DEFAULT '1',
  `full_path` varchar(191) NOT NULL,
  `file_type` char(191) NOT NULL,
  `task_id` int(10) unsigned NOT NULL,
  `created_at` timestamp NULL DEFAULT NULL,
  `updated_at` timestamp NULL DEFAULT NULL,
  PRIMARY KEY (`tasks_attachment_id`),
  KEY `tasks_attachment_task_id_index` (`task_id`)
) ENGINE=InnoDB AUTO_INCREMENT=239 DEFAULT CHARSET=utf8;
/*!40101 SET character_set_client = @saved_cs_client */;

--
-- Dumping data for table `tasks_attachment`
--

LOCK TABLES `tasks_attachment` WRITE;
/*!40000 ALTER TABLE `tasks_attachment` DISABLE KEYS */;
INSERT INTO `tasks_attachment` VALUES (1,'4-0413863.png',1,'E:\\xampp\\htdocs\\trackatask_new\\public/task_attachment/4-0413863.png','png',1,NULL,NULL),(2,'4-0427029.png',1,'E:\\xampp\\htdocs\\trackatask_new\\public/task_attachment/4-0427029.png','png',4,NULL,NULL),(3,'4-0557303.png',1,'E:\\xampp\\htdocs\\trackatask_new\\public/task_attachment/4-0557303.png','png',4,NULL,NULL),(4,'4-0448821.png',1,'E:\\xampp\\htdocs\\trackatask_new\\public/task_attachment/4-0448821.png','png',8,NULL,NULL),(5,'4-0556951.png',1,'E:\\xampp\\htdocs\\trackatask_new\\public/task_attachment/4-0556951.png','png',8,NULL,NULL),(6,'Example of parent consent letter22961.doc',1,'http://192.168.1.103/trackatask_new/task_attachment/9/Example of parent consent letter22961.doc','doc',9,NULL,NULL),(7,'reorders materials in stock updated - 2019-8-31_xlsx_1567251260_xlsx_156739410541923.xlsx',1,'http://192.168.1.103/trackatask_new/task_attachment/9/reorders materials in stock updated - 2019-8-31_xlsx_1567251260_xlsx_156739410541923.xlsx','xlsx',9,NULL,NULL),(8,'4 0443373.png',1,'http://192.168.1.103/trackatask_new/task_attachment/9/4 0443373.png','png',9,NULL,NULL),(9,'^BCBF97E72E09A3871FC15B4CCB0B4EDF6E75D906065CC9489E^pimgpsh_fullsize_distr57039.png',1,'http://192.168.1.103/trackatask_new/task_attachment/9/^BCBF97E72E09A3871FC15B4CCB0B4EDF6E75D906065CC9489E^pimgpsh_fullsize_distr57039.png','png',9,NULL,NULL),(10,'Untitled-1-0130089.png',1,'http://192.168.1.103/trackatask_new/task_attachment/10/Untitled-1-0130089.png','png',10,NULL,NULL),(11,'updated-layouts-mobile20155.png',1,'http://192.168.1.103/trackatask_new/task_attachment/10/updated-layouts-mobile20155.png','png',10,NULL,NULL),(12,'test11285.jpg',1,'http://192.168.1.103/trackatask_new/task_attachment/10/test11285.jpg','jpg',10,NULL,NULL),(13,'4 0414505.png',1,'http://192.168.1.103/trackatask_new/task_attachment/11/4 0414505.png','png',11,NULL,NULL),(14,'il_570xN1293932027_1gpu9051.jpg',1,'http://192.168.1.103/trackatask_new/task_attachment/11/il_570xN1293932027_1gpu9051.jpg','jpg',11,NULL,NULL),(15,'reorders materials in stock updated - 2019-8-31_xlsx_1567251260_xlsx_156739410519749.xlsx',1,'http://192.168.1.103/trackatask_new/task_attachment/11/reorders materials in stock updated - 2019-8-31_xlsx_1567251260_xlsx_156739410519749.xlsx','xlsx',11,NULL,NULL),(16,'1482761_826496600721969_8023681616453096906_n42023.jpg',1,'http://192.168.1.103/trackatask_new/task_attachment/11/1482761_826496600721969_8023681616453096906_n42023.jpg','jpg',11,NULL,NULL),(17,'updated-layouts-mobile30433.png',1,'http://192.168.1.103/trackatask_new/task_attachment/12/updated-layouts-mobile30433.png','png',12,NULL,NULL),(18,'WhatsApp Image 2019-07-25 at 1045363.55',1,'http://192.168.1.103/trackatask_new/task_attachment/12/WhatsApp Image 2019-07-25 at 1045363.55','55',12,NULL,NULL),(19,'test133309.jpg',1,'http://192.168.1.103/trackatask_new/task_attachment/12/test133309.jpg','jpg',12,NULL,NULL),(20,'1482761_826496600721969_8023681616453096906_n43447.jpg',1,'http://192.168.1.103/trackatask_new/task_attachment/13/1482761_826496600721969_8023681616453096906_n43447.jpg','jpg',13,NULL,NULL),(21,'il_570xN1293932027_1gpu35409.jpg',1,'http://192.168.1.103/trackatask_new/task_attachment/13/il_570xN1293932027_1gpu35409.jpg','jpg',13,NULL,NULL),(22,'4-056115.png',1,'http://192.168.1.103/trackatask_new/task_attachment/13/4-056115.png','png',13,NULL,NULL),(23,'reorders materials in stock updated - 2019-8-31_xlsx_1567251260_xlsx_156739410556077.xlsx',1,'http://192.168.1.103/trackatask_new/task_attachment/14/reorders materials in stock updated - 2019-8-31_xlsx_1567251260_xlsx_156739410556077.xlsx','xlsx',14,NULL,NULL),(24,'4 0449135.png',1,'http://192.168.1.103/trackatask_new/task_attachment/14/4 0449135.png','png',14,NULL,NULL),(25,'4-054137.png',1,'http://192.168.1.103/trackatask_new/task_attachment/14/4-054137.png','png',14,NULL,NULL),(26,'^BCBF97E72E09A3871FC15B4CCB0B4EDF6E75D906065CC9489E^pimgpsh_fullsize_distr58587.png',1,'http://192.168.1.103/trackatask_new/task_attachment/14/^BCBF97E72E09A3871FC15B4CCB0B4EDF6E75D906065CC9489E^pimgpsh_fullsize_distr58587.png','png',14,NULL,NULL),(27,'updated-layouts-mobile29519.png',1,'http://192.168.1.103/trackatask_new/task_attachment/15/updated-layouts-mobile29519.png','png',15,NULL,NULL),(28,'WhatsApp Image 2019-07-25 at 1045065.55',1,'http://192.168.1.103/trackatask_new/task_attachment/15/WhatsApp Image 2019-07-25 at 1045065.55','55',15,NULL,NULL),(29,'Untitled-1-0114139.png',1,'http://192.168.1.103/trackatask_new/task_attachment/15/Untitled-1-0114139.png','png',15,NULL,NULL),(30,'report for styles awaiting fitting comment over 14days-Aug 19th,2019_xlsx_1566204238901.xlsx',1,'http://192.168.1.103/trackatask_new/task_attachment/15/report for styles awaiting fitting comment over 14days-Aug 19th,2019_xlsx_1566204238901.xlsx','xlsx',15,NULL,NULL),(31,'4 0446777.png',1,'http://192.168.1.103/trackatask_new/task_attachment/16/4 0446777.png','png',16,NULL,NULL),(32,'4-0545099.png',1,'http://192.168.1.103/trackatask_new/task_attachment/16/4-0545099.png','png',16,NULL,NULL),(33,'il_570xN1293932027_1gpu41397.jpg',1,'http://192.168.1.103/trackatask_new/task_attachment/16/il_570xN1293932027_1gpu41397.jpg','jpg',16,NULL,NULL),(34,'WhatsApp Image 2019-07-25 at 1034167.55',1,'http://192.168.1.103/trackatask_new/task_attachment/16/WhatsApp Image 2019-07-25 at 1034167.55','55',16,NULL,NULL),(35,'4-0557685.png',1,'http://192.168.1.103/trackatask_new/task_attachment/17/4-0557685.png','png',17,NULL,NULL),(36,'1482761_826496600721969_8023681616453096906_n23703.jpg',1,'http://192.168.1.103/trackatask_new/task_attachment/17/1482761_826496600721969_8023681616453096906_n23703.jpg','jpg',17,NULL,NULL),(37,'1482761_826496600721969_8023681616453096906_n60139.jpg',1,'http://192.168.1.103/trackatask_new/task_attachment/18/1482761_826496600721969_8023681616453096906_n60139.jpg','jpg',18,NULL,NULL),(38,'4 045529.png',1,'http://192.168.1.103/trackatask_new/task_attachment/19/4 045529.png','png',19,NULL,NULL),(39,'4-0521899.png',1,'http://192.168.1.103/trackatask_new/task_attachment/19/4-0521899.png','png',19,NULL,NULL),(40,'1482761_826496600721969_8023681616453096906_n19349.jpg',1,'http://192.168.1.103/trackatask_new/task_attachment/19/1482761_826496600721969_8023681616453096906_n19349.jpg','jpg',19,NULL,NULL),(41,'4 047367.png',1,'http://192.168.1.103/trackatask_new/task_attachment/20/4 047367.png','png',20,NULL,NULL),(42,'4-0526657.png',1,'http://192.168.1.103/trackatask_new/task_attachment/20/4-0526657.png','png',20,NULL,NULL),(43,'4-0537537.png',1,'http://192.168.1.103/trackatask_new/task_attachment/21/4-0537537.png','png',21,NULL,NULL),(44,'1482761_826496600721969_8023681616453096906_n49851.jpg',1,'http://localhost/trackatask_new/task_attachment/24/1482761_826496600721969_8023681616453096906_n49851.jpg','jpg',24,NULL,NULL),(45,'1482761_826496600721969_8023681616453096906_n54349.jpg',1,'http://localhost/trackatask_new/task_attachment/25/1482761_826496600721969_8023681616453096906_n54349.jpg','jpg',25,NULL,NULL),(46,'1482761_826496600721969_8023681616453096906_n431.jpg',1,'http://localhost/trackatask_new/task_attachment/26/1482761_826496600721969_8023681616453096906_n431.jpg','jpg',26,NULL,NULL),(47,'1482761_826496600721969_8023681616453096906_n45643.jpg',1,'http://localhost/trackatask_new/task_attachment/27/1482761_826496600721969_8023681616453096906_n45643.jpg','jpg',27,NULL,NULL),(48,'1482761_826496600721969_8023681616453096906_n3145.jpg',1,'http://localhost/trackatask_new/task_attachment/28/1482761_826496600721969_8023681616453096906_n3145.jpg','jpg',28,NULL,NULL),(49,'1482761_826496600721969_8023681616453096906_n58573.jpg',1,'http://localhost/trackatask_new/task_attachment/29/1482761_826496600721969_8023681616453096906_n58573.jpg','jpg',29,NULL,NULL),(50,'4-0526287.png',1,'http://localhost/trackatask_new/task_attachment/29/4-0526287.png','png',29,NULL,NULL),(51,'PROPOSAL36841.docx',1,'http://localhost/trackatask_new/task_attachment/29/PROPOSAL36841.docx','docx',29,NULL,NULL),(52,'800px-Snake_River_(5mb)18773.jpg',1,'http://localhost/trackatask_new/task_attachment/30/800px-Snake_River_(5mb)18773.jpg','jpg',30,NULL,NULL),(53,'1482761_826496600721969_8023681616453096906_n42135.jpg',1,'http://localhost/trackatask_new/task_attachment/30/1482761_826496600721969_8023681616453096906_n42135.jpg','jpg',30,NULL,NULL),(54,'1564032555_cae39857.rte_van_o',1,'http://localhost/trackatask_new/task_attachment/30/1564032555_cae39857.rte_van_o','rte_van_o',30,NULL,NULL),(55,'800px-Snake_River_(5mb)40179.jpg',1,'http://localhost/trackatask_new/task_attachment/31/800px-Snake_River_(5mb)40179.jpg','jpg',31,NULL,NULL),(56,'1482761_826496600721969_8023681616453096906_n25309.jpg',1,'http://localhost/trackatask_new/task_attachment/31/1482761_826496600721969_8023681616453096906_n25309.jpg','jpg',31,NULL,NULL),(57,'Example of parent consent letter62335.doc',1,'http://localhost/trackatask_new/task_attachment/31/Example of parent consent letter62335.doc','doc',31,NULL,NULL),(58,'800px-Snake_River_(5mb)26721.jpg',1,'http://localhost/trackatask_new/task_attachment/32/800px-Snake_River_(5mb)26721.jpg','jpg',32,NULL,NULL),(59,'1482761_826496600721969_8023681616453096906_n33971.jpg',1,'http://localhost/trackatask_new/task_attachment/32/1482761_826496600721969_8023681616453096906_n33971.jpg','jpg',32,NULL,NULL),(60,'446d446a9d36765.png',1,'http://localhost/trackatask_new/task_attachment/32/446d446a9d36765.png','png',32,NULL,NULL),(61,'800px-Snake_River_(5mb)33087.jpg',1,'http://localhost/trackatask_new/task_attachment/33/800px-Snake_River_(5mb)33087.jpg','jpg',33,NULL,NULL),(62,'446d446a9d48953.png',1,'http://localhost/trackatask_new/task_attachment/33/446d446a9d48953.png','png',33,NULL,NULL),(63,'PROPOSAL20139.docx',1,'http://localhost/trackatask_new/task_attachment/33/PROPOSAL20139.docx','docx',33,NULL,NULL),(64,'4 0417921.png',1,'http://localhost/trackatask_new/task_attachment/34/4 0417921.png','png',34,NULL,NULL),(65,'1482761_826496600721969_8023681616453096906_n41427.jpg',1,'http://localhost/trackatask_new/task_attachment/34/1482761_826496600721969_8023681616453096906_n41427.jpg','jpg',34,NULL,NULL),(66,'1564032555_cae46653.rte_van_o',1,'http://localhost/trackatask_new/task_attachment/34/1564032555_cae46653.rte_van_o','rte_van_o',34,NULL,NULL),(67,'1482761_826496600721969_8023681616453096906_n13547.jpg',1,'http://localhost/trackatask_new/task_attachment/35/1482761_826496600721969_8023681616453096906_n13547.jpg','jpg',35,NULL,NULL),(68,'1564032555_cae42869.rte_van_o',1,'http://localhost/trackatask_new/task_attachment/35/1564032555_cae42869.rte_van_o','rte_van_o',35,NULL,NULL),(69,'1482761_826496600721969_8023681616453096906_n45919.jpg',1,'http://localhost/trackatask_new/task_attachment/36/1482761_826496600721969_8023681616453096906_n45919.jpg','jpg',36,NULL,NULL),(70,'800px-Snake_River_(5mb)39351.jpg',1,'http://localhost/trackatask_new/task_attachment/37/800px-Snake_River_(5mb)39351.jpg','jpg',37,NULL,NULL),(71,'1482761_826496600721969_8023681616453096906_n47697.jpg',1,'http://localhost/trackatask_new/task_attachment/37/1482761_826496600721969_8023681616453096906_n47697.jpg','jpg',37,NULL,NULL),(72,'800px-Snake_River_(5mb)63087.jpg',1,'http://localhost/trackatask_new/task_attachment/38/800px-Snake_River_(5mb)63087.jpg','jpg',38,NULL,NULL),(73,'1482761_826496600721969_8023681616453096906_n17577.jpg',1,'http://localhost/trackatask_new/task_attachment/38/1482761_826496600721969_8023681616453096906_n17577.jpg','jpg',38,NULL,NULL),(74,'800px-Snake_River_(5mb)16219.jpg',1,'http://localhost/trackatask_new/task_attachment/39/800px-Snake_River_(5mb)16219.jpg','jpg',39,NULL,NULL),(75,'1482761_826496600721969_8023681616453096906_n14629.jpg',1,'http://localhost/trackatask_new/task_attachment/39/1482761_826496600721969_8023681616453096906_n14629.jpg','jpg',39,NULL,NULL),(76,'reorders materials in stock updated - 2019-8-31_xlsx_156725126011665.xlsx',1,'http://localhost/trackatask_new/task_attachment/40/reorders materials in stock updated - 2019-8-31_xlsx_156725126011665.xlsx','xlsx',40,NULL,NULL),(77,'4 046691.png',1,'http://localhost/trackatask_new/task_attachment/40/4 046691.png','png',40,NULL,NULL),(78,'^BCBF97E72E09A3871FC15B4CCB0B4EDF6E75D906065CC9489E^pimgpsh_fullsize_distr20557.png',1,'http://localhost/trackatask_new/task_attachment/40/^BCBF97E72E09A3871FC15B4CCB0B4EDF6E75D906065CC9489E^pimgpsh_fullsize_distr20557.png','png',40,NULL,NULL),(79,'il_570xN1293932027_1gpu11311.jpg',1,'http://localhost/trackatask_new/task_attachment/40/il_570xN1293932027_1gpu11311.jpg','jpg',40,NULL,NULL),(80,'il_570xN1293932027_1gpu50753.jpg',1,'http://localhost/trackatask_new/task_attachment/41/il_570xN1293932027_1gpu50753.jpg','jpg',41,NULL,NULL),(81,'reorders materials in stock updated - 2019-8-31_xlsx_156725126048403.xlsx',1,'http://localhost/trackatask_new/task_attachment/41/reorders materials in stock updated - 2019-8-31_xlsx_156725126048403.xlsx','xlsx',41,NULL,NULL),(82,'4 0453373.png',1,'http://localhost/trackatask_new/task_attachment/41/4 0453373.png','png',41,NULL,NULL),(83,'^BCBF97E72E09A3871FC15B4CCB0B4EDF6E75D906065CC9489E^pimgpsh_fullsize_distr24735.png',1,'http://localhost/trackatask_new/task_attachment/41/^BCBF97E72E09A3871FC15B4CCB0B4EDF6E75D906065CC9489E^pimgpsh_fullsize_distr24735.png','png',41,NULL,NULL),(84,'15032963431503296343599a7b57dd39f59477.jpg',1,'http://localhost/trackatask_new/task_attachment/42/15032963431503296343599a7b57dd39f59477.jpg','jpg',42,NULL,NULL),(85,'^BCBF97E72E09A3871FC15B4CCB0B4EDF6E75D906065CC9489E^pimgpsh_fullsize_distr42069.png',1,'http://localhost/trackatask_new/task_attachment/45/^BCBF97E72E09A3871FC15B4CCB0B4EDF6E75D906065CC9489E^pimgpsh_fullsize_distr42069.png','png',45,NULL,NULL),(86,'4 0425495.png',1,'http://localhost/trackatask_new/task_attachment/45/4 0425495.png','png',45,NULL,NULL),(87,'Example of parent consent letter61105.doc',1,'http://localhost/trackatask_new/task_attachment/45/Example of parent consent letter61105.doc','doc',45,NULL,NULL),(88,'reorders materials in stock updated - 2019-8-31_xlsx_15672512605315.xlsx',1,'http://localhost/trackatask_new/task_attachment/45/reorders materials in stock updated - 2019-8-31_xlsx_15672512605315.xlsx','xlsx',45,NULL,NULL),(89,'PROPOSAL50797.docx',1,'http://localhost/trackatask_new/task_attachment/45/PROPOSAL50797.docx','docx',45,NULL,NULL),(90,'test114287.jpg',1,'http://localhost/trackatask_new/task_attachment/45/test114287.jpg','jpg',45,NULL,NULL),(91,'reorders materials in stock updated - 2019-8-31_xlsx_156725126044097.xlsx',1,'http://localhost/trackatask_new/task_attachment/46/reorders materials in stock updated - 2019-8-31_xlsx_156725126044097.xlsx','xlsx',46,NULL,NULL),(92,'4 0443795.png',1,'http://localhost/trackatask_new/task_attachment/46/4 0443795.png','png',46,NULL,NULL),(93,'4-059853.png',1,'http://localhost/trackatask_new/task_attachment/46/4-059853.png','png',46,NULL,NULL),(94,'Example of parent consent letter18385.doc',1,'http://localhost/trackatask_new/task_attachment/48/Example of parent consent letter18385.doc','doc',48,NULL,NULL),(95,'^BCBF97E72E09A3871FC15B4CCB0B4EDF6E75D906065CC9489E^pimgpsh_fullsize_distr51043.png',1,'http://localhost/trackatask_new/task_attachment/48/^BCBF97E72E09A3871FC15B4CCB0B4EDF6E75D906065CC9489E^pimgpsh_fullsize_distr51043.png','png',48,NULL,NULL),(96,'4 0438029.png',1,'http://localhost/trackatask_new/task_attachment/48/4 0438029.png','png',48,NULL,NULL),(97,'JANUARY COLLECTION LINE UP-0147983.jpg',1,'http://localhost/trackatask_new/task_attachment/48/JANUARY COLLECTION LINE UP-0147983.jpg','jpg',48,NULL,NULL),(98,'Example of parent consent letter57135.doc',1,'http://localhost/trackatask_new/task_attachment/49/Example of parent consent letter57135.doc','doc',49,NULL,NULL),(99,'reorders materials in stock updated - 2019-8-31_xlsx_156725126056937.xlsx',1,'http://localhost/trackatask_new/task_attachment/49/reorders materials in stock updated - 2019-8-31_xlsx_156725126056937.xlsx','xlsx',49,NULL,NULL),(100,'^BCBF97E72E09A3871FC15B4CCB0B4EDF6E75D906065CC9489E^pimgpsh_fullsize_distr13851.png',1,'http://localhost/trackatask_new/task_attachment/49/^BCBF97E72E09A3871FC15B4CCB0B4EDF6E75D906065CC9489E^pimgpsh_fullsize_distr13851.png','png',49,NULL,NULL),(101,'4-0551429.png',1,'http://localhost/trackatask_new/task_attachment/49/4-0551429.png','png',49,NULL,NULL),(102,'report for styles awaiting fitting comment over 14days-Aug 19th,2019_xlsx_1566204238_xlsx_156740092154503.xlsx',1,'http://localhost/trackatask_new/task_attachment/49/report for styles awaiting fitting comment over 14days-Aug 19th,2019_xlsx_1566204238_xlsx_156740092154503.xlsx','xlsx',49,NULL,NULL),(103,'^BCBF97E72E09A3871FC15B4CCB0B4EDF6E75D906065CC9489E^pimgpsh_fullsize_distr13963.png',1,'http://localhost/trackatask_new/task_attachment/50/^BCBF97E72E09A3871FC15B4CCB0B4EDF6E75D906065CC9489E^pimgpsh_fullsize_distr13963.png','png',50,NULL,NULL),(104,'4 046293.png',1,'http://localhost/trackatask_new/task_attachment/50/4 046293.png','png',50,NULL,NULL),(105,'reorders materials in stock updated - 2019-8-31_xlsx_156725126025303.xlsx',1,'http://localhost/trackatask_new/task_attachment/50/reorders materials in stock updated - 2019-8-31_xlsx_156725126025303.xlsx','xlsx',50,NULL,NULL),(106,'reorders materials in stock updated - 2019-8-31_xlsx_1567251260_xlsx_15673941057409.xlsx',1,'http://localhost/trackatask_new/task_attachment/50/reorders materials in stock updated - 2019-8-31_xlsx_1567251260_xlsx_15673941057409.xlsx','xlsx',50,NULL,NULL),(107,'test117923.jpg',1,'http://localhost/trackatask_new/task_attachment/50/test117923.jpg','jpg',50,NULL,NULL),(108,'^BCBF97E72E09A3871FC15B4CCB0B4EDF6E75D906065CC9489E^pimgpsh_fullsize_distr50185.png',1,'http://localhost/trackatask_new/task_attachment/51/^BCBF97E72E09A3871FC15B4CCB0B4EDF6E75D906065CC9489E^pimgpsh_fullsize_distr50185.png','png',51,NULL,NULL),(109,'4 0447931.png',1,'http://localhost/trackatask_new/task_attachment/51/4 0447931.png','png',51,NULL,NULL),(110,'reorders materials in stock updated - 2019-8-31_xlsx_156725126014213.xlsx',1,'http://localhost/trackatask_new/task_attachment/51/reorders materials in stock updated - 2019-8-31_xlsx_156725126014213.xlsx','xlsx',51,NULL,NULL),(111,'reorders materials in stock updated - 2019-8-31_xlsx_1567251260_xlsx_156739410544807.xlsx',1,'http://localhost/trackatask_new/task_attachment/51/reorders materials in stock updated - 2019-8-31_xlsx_1567251260_xlsx_156739410544807.xlsx','xlsx',51,NULL,NULL),(112,'test111617.jpg',1,'http://localhost/trackatask_new/task_attachment/51/test111617.jpg','jpg',51,NULL,NULL),(113,'^BCBF97E72E09A3871FC15B4CCB0B4EDF6E75D906065CC9489E^pimgpsh_fullsize_distr37359.png',1,'http://localhost/trackatask_new/task_attachment/52/^BCBF97E72E09A3871FC15B4CCB0B4EDF6E75D906065CC9489E^pimgpsh_fullsize_distr37359.png','png',52,NULL,NULL),(114,'4 0431273.png',1,'http://localhost/trackatask_new/task_attachment/52/4 0431273.png','png',52,NULL,NULL),(115,'reorders materials in stock updated - 2019-8-31_xlsx_15672512601755.xlsx',1,'http://localhost/trackatask_new/task_attachment/52/reorders materials in stock updated - 2019-8-31_xlsx_15672512601755.xlsx','xlsx',52,NULL,NULL),(116,'reorders materials in stock updated - 2019-8-31_xlsx_1567251260_xlsx_156739410510917.xlsx',1,'http://localhost/trackatask_new/task_attachment/52/reorders materials in stock updated - 2019-8-31_xlsx_1567251260_xlsx_156739410510917.xlsx','xlsx',52,NULL,NULL),(117,'test162375.jpg',1,'http://localhost/trackatask_new/task_attachment/52/test162375.jpg','jpg',52,NULL,NULL),(118,'^BCBF97E72E09A3871FC15B4CCB0B4EDF6E75D906065CC9489E^pimgpsh_fullsize_distr64875.png',1,'http://localhost/trackatask_new/task_attachment/53/^BCBF97E72E09A3871FC15B4CCB0B4EDF6E75D906065CC9489E^pimgpsh_fullsize_distr64875.png','png',53,NULL,NULL),(119,'4 041525.png',1,'http://localhost/trackatask_new/task_attachment/53/4 041525.png','png',53,NULL,NULL),(120,'reorders materials in stock updated - 2019-8-31_xlsx_156725126046263.xlsx',1,'http://localhost/trackatask_new/task_attachment/53/reorders materials in stock updated - 2019-8-31_xlsx_156725126046263.xlsx','xlsx',53,NULL,NULL),(121,'reorders materials in stock updated - 2019-8-31_xlsx_1567251260_xlsx_156739410514673.xlsx',1,'http://localhost/trackatask_new/task_attachment/53/reorders materials in stock updated - 2019-8-31_xlsx_1567251260_xlsx_156739410514673.xlsx','xlsx',53,NULL,NULL),(122,'test139651.jpg',1,'http://localhost/trackatask_new/task_attachment/53/test139651.jpg','jpg',53,NULL,NULL),(123,'^BCBF97E72E09A3871FC15B4CCB0B4EDF6E75D906065CC9489E^pimgpsh_fullsize_distr85.png',1,'http://localhost/trackatask_new/task_attachment/54/^BCBF97E72E09A3871FC15B4CCB0B4EDF6E75D906065CC9489E^pimgpsh_fullsize_distr85.png','png',54,NULL,NULL),(124,'4 0436759.png',1,'http://localhost/trackatask_new/task_attachment/54/4 0436759.png','png',54,NULL,NULL),(125,'reorders materials in stock updated - 2019-8-31_xlsx_156725126043697.xlsx',1,'http://localhost/trackatask_new/task_attachment/54/reorders materials in stock updated - 2019-8-31_xlsx_156725126043697.xlsx','xlsx',54,NULL,NULL),(126,'reorders materials in stock updated - 2019-8-31_xlsx_1567251260_xlsx_15673941058387.xlsx',1,'http://localhost/trackatask_new/task_attachment/54/reorders materials in stock updated - 2019-8-31_xlsx_1567251260_xlsx_15673941058387.xlsx','xlsx',54,NULL,NULL),(127,'test157965.jpg',1,'http://localhost/trackatask_new/task_attachment/54/test157965.jpg','jpg',54,NULL,NULL),(128,'^BCBF97E72E09A3871FC15B4CCB0B4EDF6E75D906065CC9489E^pimgpsh_fullsize_distr43563.png',1,'http://localhost/trackatask_new/task_attachment/55/^BCBF97E72E09A3871FC15B4CCB0B4EDF6E75D906065CC9489E^pimgpsh_fullsize_distr43563.png','png',55,NULL,NULL),(129,'4 045045.png',1,'http://localhost/trackatask_new/task_attachment/55/4 045045.png','png',55,NULL,NULL),(130,'reorders materials in stock updated - 2019-8-31_xlsx_15672512603959.xlsx',1,'http://localhost/trackatask_new/task_attachment/55/reorders materials in stock updated - 2019-8-31_xlsx_15672512603959.xlsx','xlsx',55,NULL,NULL),(131,'reorders materials in stock updated - 2019-8-31_xlsx_1567251260_xlsx_156739410523825.xlsx',1,'http://localhost/trackatask_new/task_attachment/55/reorders materials in stock updated - 2019-8-31_xlsx_1567251260_xlsx_156739410523825.xlsx','xlsx',55,NULL,NULL),(132,'test121411.jpg',1,'http://localhost/trackatask_new/task_attachment/55/test121411.jpg','jpg',55,NULL,NULL),(133,'^BCBF97E72E09A3871FC15B4CCB0B4EDF6E75D906065CC9489E^pimgpsh_fullsize_distr30117.png',1,'http://localhost/trackatask_new/task_attachment/56/^BCBF97E72E09A3871FC15B4CCB0B4EDF6E75D906065CC9489E^pimgpsh_fullsize_distr30117.png','png',56,NULL,NULL),(134,'4 0458023.png',1,'http://localhost/trackatask_new/task_attachment/56/4 0458023.png','png',56,NULL,NULL),(135,'reorders materials in stock updated - 2019-8-31_xlsx_156725126059521.xlsx',1,'http://localhost/trackatask_new/task_attachment/56/reorders materials in stock updated - 2019-8-31_xlsx_156725126059521.xlsx','xlsx',56,NULL,NULL),(136,'reorders materials in stock updated - 2019-8-31_xlsx_1567251260_xlsx_156739410553843.xlsx',1,'http://localhost/trackatask_new/task_attachment/56/reorders materials in stock updated - 2019-8-31_xlsx_1567251260_xlsx_156739410553843.xlsx','xlsx',56,NULL,NULL),(137,'test123741.jpg',1,'http://localhost/trackatask_new/task_attachment/56/test123741.jpg','jpg',56,NULL,NULL),(138,'reorders materials in stock updated - 2019-8-31_xlsx_156725126038915.xlsx',1,'http://localhost/trackatask_new/task_attachment/57/reorders materials in stock updated - 2019-8-31_xlsx_156725126038915.xlsx','xlsx',57,NULL,NULL),(139,'reorders materials in stock updated - 2019-8-31_xlsx_1567251260_xlsx_156739410510413.xlsx',1,'http://localhost/trackatask_new/task_attachment/57/reorders materials in stock updated - 2019-8-31_xlsx_1567251260_xlsx_156739410510413.xlsx','xlsx',57,NULL,NULL),(140,'4 0436111.png',1,'http://localhost/trackatask_new/task_attachment/57/4 0436111.png','png',57,NULL,NULL),(141,'^BCBF97E72E09A3871FC15B4CCB0B4EDF6E75D906065CC9489E^pimgpsh_fullsize_distr9929.png',1,'http://localhost/trackatask_new/task_attachment/57/^BCBF97E72E09A3871FC15B4CCB0B4EDF6E75D906065CC9489E^pimgpsh_fullsize_distr9929.png','png',57,NULL,NULL),(142,'test118171.jpg',1,'http://localhost/trackatask_new/task_attachment/57/test118171.jpg','jpg',57,NULL,NULL),(143,'reorders materials in stock updated - 2019-8-31_xlsx_156725126042325.xlsx',1,'http://localhost/trackatask_new/task_attachment/58/reorders materials in stock updated - 2019-8-31_xlsx_156725126042325.xlsx','xlsx',58,NULL,NULL),(144,'reorders materials in stock updated - 2019-8-31_xlsx_1567251260_xlsx_156739410553399.xlsx',1,'http://localhost/trackatask_new/task_attachment/58/reorders materials in stock updated - 2019-8-31_xlsx_1567251260_xlsx_156739410553399.xlsx','xlsx',58,NULL,NULL),(145,'4 0422449.png',1,'http://localhost/trackatask_new/task_attachment/58/4 0422449.png','png',58,NULL,NULL),(146,'^BCBF97E72E09A3871FC15B4CCB0B4EDF6E75D906065CC9489E^pimgpsh_fullsize_distr51651.png',1,'http://localhost/trackatask_new/task_attachment/58/^BCBF97E72E09A3871FC15B4CCB0B4EDF6E75D906065CC9489E^pimgpsh_fullsize_distr51651.png','png',58,NULL,NULL),(147,'test155149.jpg',1,'http://localhost/trackatask_new/task_attachment/58/test155149.jpg','jpg',58,NULL,NULL),(148,'reorders materials in stock updated - 2019-8-31_xlsx_156725126038831.xlsx',1,'http://localhost/trackatask_new/task_attachment/59/reorders materials in stock updated - 2019-8-31_xlsx_156725126038831.xlsx','xlsx',59,NULL,NULL),(149,'reorders materials in stock updated - 2019-8-31_xlsx_1567251260_xlsx_156739410527881.xlsx',1,'http://localhost/trackatask_new/task_attachment/59/reorders materials in stock updated - 2019-8-31_xlsx_1567251260_xlsx_156739410527881.xlsx','xlsx',59,NULL,NULL),(150,'4 0458011.png',1,'http://localhost/trackatask_new/task_attachment/59/4 0458011.png','png',59,NULL,NULL),(151,'^BCBF97E72E09A3871FC15B4CCB0B4EDF6E75D906065CC9489E^pimgpsh_fullsize_distr15205.png',1,'http://localhost/trackatask_new/task_attachment/59/^BCBF97E72E09A3871FC15B4CCB0B4EDF6E75D906065CC9489E^pimgpsh_fullsize_distr15205.png','png',59,NULL,NULL),(152,'test138247.jpg',1,'http://localhost/trackatask_new/task_attachment/59/test138247.jpg','jpg',59,NULL,NULL),(153,'4 0411513.png',1,'http://localhost/trackatask_new/task_attachment/60/4 0411513.png','png',60,NULL,NULL),(154,'681bf4ce07cd7c6e3eab221f831c35a035179.ico',1,'http://localhost/trackatask_new/task_attachment/60/681bf4ce07cd7c6e3eab221f831c35a035179.ico','ico',60,NULL,NULL),(155,'careers mobile view41461.pdf',1,'http://localhost/trackatask_new/task_attachment/60/careers mobile view41461.pdf','pdf',60,NULL,NULL),(156,'Example of parent consent letter8375.doc',1,'http://localhost/trackatask_new/task_attachment/60/Example of parent consent letter8375.doc','doc',60,NULL,NULL),(157,'reorders materials in stock updated - 2019-8-31_xlsx_1567251260_xlsx_156739410513649.xlsx',1,'http://localhost/trackatask_new/task_attachment/60/reorders materials in stock updated - 2019-8-31_xlsx_1567251260_xlsx_156739410513649.xlsx','xlsx',60,NULL,NULL),(158,'trackatask59107.sql',1,'http://localhost/trackatask_new/task_attachment/60/trackatask59107.sql','sql',60,NULL,NULL),(159,'^BCBF97E72E09A3871FC15B4CCB0B4EDF6E75D906065CC9489E^pimgpsh_fullsize_distr65037.png',1,'http://localhost/trackatask_new/task_attachment/60/^BCBF97E72E09A3871FC15B4CCB0B4EDF6E75D906065CC9489E^pimgpsh_fullsize_distr65037.png','png',60,NULL,NULL),(160,'test142735.jpg',1,'http://localhost/trackatask_new/task_attachment/60/test142735.jpg','jpg',60,NULL,NULL),(161,'681bf4ce07cd7c6e3eab221f831c35a012975.ico',1,'http://localhost/trackatask_new/task_attachment/61/681bf4ce07cd7c6e3eab221f831c35a012975.ico','ico',61,NULL,NULL),(162,'careers mobile view27625.pdf',1,'http://localhost/trackatask_new/task_attachment/61/careers mobile view27625.pdf','pdf',61,NULL,NULL),(163,'^BCBF97E72E09A3871FC15B4CCB0B4EDF6E75D906065CC9489E^pimgpsh_fullsize_distr30107.png',1,'http://localhost/trackatask_new/task_attachment/61/^BCBF97E72E09A3871FC15B4CCB0B4EDF6E75D906065CC9489E^pimgpsh_fullsize_distr30107.png','png',61,NULL,NULL),(164,'Example of parent consent letter53861.doc',1,'http://localhost/trackatask_new/task_attachment/61/Example of parent consent letter53861.doc','doc',61,NULL,NULL),(165,'reorders materials in stock updated - 2019-8-31_xlsx_1567251260_xlsx_156739410557447.xlsx',1,'http://localhost/trackatask_new/task_attachment/61/reorders materials in stock updated - 2019-8-31_xlsx_1567251260_xlsx_156739410557447.xlsx','xlsx',61,NULL,NULL),(166,'trackatask29505.sql',1,'http://localhost/trackatask_new/task_attachment/61/trackatask29505.sql','sql',61,NULL,NULL),(167,'4 0426131.png',1,'http://localhost/trackatask_new/task_attachment/61/4 0426131.png','png',61,NULL,NULL),(168,'test150557.jpg',1,'http://localhost/trackatask_new/task_attachment/61/test150557.jpg','jpg',61,NULL,NULL),(169,'^BCBF97E72E09A3871FC15B4CCB0B4EDF6E75D906065CC9489E^pimgpsh_fullsize_distr26653.png',1,'http://localhost/trackatask_new/task_attachment/62/^BCBF97E72E09A3871FC15B4CCB0B4EDF6E75D906065CC9489E^pimgpsh_fullsize_distr26653.png','png',62,NULL,NULL),(170,'4 0444991.png',1,'http://localhost/trackatask_new/task_attachment/62/4 0444991.png','png',62,NULL,NULL),(171,'681bf4ce07cd7c6e3eab221f831c35a035769.ico',1,'http://localhost/trackatask_new/task_attachment/62/681bf4ce07cd7c6e3eab221f831c35a035769.ico','ico',62,NULL,NULL),(172,'careers mobile view24875.pdf',1,'http://localhost/trackatask_new/task_attachment/62/careers mobile view24875.pdf','pdf',62,NULL,NULL),(173,'Example of parent consent letter65205.doc',1,'http://localhost/trackatask_new/task_attachment/62/Example of parent consent letter65205.doc','doc',62,NULL,NULL),(174,'reorders materials in stock updated - 2019-8-31_xlsx_1567251260_xlsx_15673941057799.xlsx',1,'http://localhost/trackatask_new/task_attachment/62/reorders materials in stock updated - 2019-8-31_xlsx_1567251260_xlsx_15673941057799.xlsx','xlsx',62,NULL,NULL),(175,'trackatask49169.sql',1,'http://localhost/trackatask_new/task_attachment/62/trackatask49169.sql','sql',62,NULL,NULL),(176,'test131395.jpg',1,'http://localhost/trackatask_new/task_attachment/62/test131395.jpg','jpg',62,NULL,NULL),(177,'681bf4ce07cd7c6e3eab221f831c35a043591.ico',1,'http://localhost/trackatask_new/task_attachment/63/681bf4ce07cd7c6e3eab221f831c35a043591.ico','ico',63,NULL,NULL),(178,'careers mobile view42913.pdf',1,'http://localhost/trackatask_new/task_attachment/63/careers mobile view42913.pdf','pdf',63,NULL,NULL),(179,'Example of parent consent letter62195.doc',1,'http://localhost/trackatask_new/task_attachment/63/Example of parent consent letter62195.doc','doc',63,NULL,NULL),(180,'reorders materials in stock updated - 2019-8-31_xlsx_1567251260_xlsx_1567394105221.xlsx',1,'http://localhost/trackatask_new/task_attachment/63/reorders materials in stock updated - 2019-8-31_xlsx_1567251260_xlsx_1567394105221.xlsx','xlsx',63,NULL,NULL),(181,'trackatask14719.sql',1,'http://localhost/trackatask_new/task_attachment/63/trackatask14719.sql','sql',63,NULL,NULL),(182,'4 0445689.png',1,'http://localhost/trackatask_new/task_attachment/63/4 0445689.png','png',63,NULL,NULL),(183,'^BCBF97E72E09A3871FC15B4CCB0B4EDF6E75D906065CC9489E^pimgpsh_fullsize_distr24811.png',1,'http://localhost/trackatask_new/task_attachment/63/^BCBF97E72E09A3871FC15B4CCB0B4EDF6E75D906065CC9489E^pimgpsh_fullsize_distr24811.png','png',63,NULL,NULL),(184,'test125461.jpg',1,'http://localhost/trackatask_new/task_attachment/63/test125461.jpg','jpg',63,NULL,NULL),(185,'Example of parent consent letter65039.doc',1,'http://localhost/trackatask_new/task_attachment/64/Example of parent consent letter65039.doc','doc',64,NULL,NULL),(186,'4 0417353.png',1,'http://localhost/trackatask_new/task_attachment/64/4 0417353.png','png',64,NULL,NULL),(187,'681bf4ce07cd7c6e3eab221f831c35a032421.ico',1,'http://localhost/trackatask_new/task_attachment/65/681bf4ce07cd7c6e3eab221f831c35a032421.ico','ico',65,NULL,NULL),(188,'careers mobile view47015.pdf',1,'http://localhost/trackatask_new/task_attachment/65/careers mobile view47015.pdf','pdf',65,NULL,NULL),(189,'^BCBF97E72E09A3871FC15B4CCB0B4EDF6E75D906065CC9489E^pimgpsh_fullsize_distr39297.png',1,'http://localhost/trackatask_new/task_attachment/65/^BCBF97E72E09A3871FC15B4CCB0B4EDF6E75D906065CC9489E^pimgpsh_fullsize_distr39297.png','png',65,NULL,NULL),(190,'681bf4ce07cd7c6e3eab221f831c35a020145.ico',1,'http://localhost/trackatask_new/task_attachment/66/681bf4ce07cd7c6e3eab221f831c35a020145.ico','ico',66,NULL,NULL),(191,'careers mobile view62659.pdf',1,'http://localhost/trackatask_new/task_attachment/66/careers mobile view62659.pdf','pdf',66,NULL,NULL),(192,'^BCBF97E72E09A3871FC15B4CCB0B4EDF6E75D906065CC9489E^pimgpsh_fullsize_distr9837.png',1,'http://localhost/trackatask_new/task_attachment/66/^BCBF97E72E09A3871FC15B4CCB0B4EDF6E75D906065CC9489E^pimgpsh_fullsize_distr9837.png','png',66,NULL,NULL),(193,'681bf4ce07cd7c6e3eab221f831c35a060691.ico',1,'http://localhost/trackatask_new/task_attachment/67/681bf4ce07cd7c6e3eab221f831c35a060691.ico','ico',67,NULL,NULL),(194,'careers mobile view16509.pdf',1,'http://localhost/trackatask_new/task_attachment/67/careers mobile view16509.pdf','pdf',67,NULL,NULL),(195,'^BCBF97E72E09A3871FC15B4CCB0B4EDF6E75D906065CC9489E^pimgpsh_fullsize_distr4255.png',1,'http://localhost/trackatask_new/task_attachment/67/^BCBF97E72E09A3871FC15B4CCB0B4EDF6E75D906065CC9489E^pimgpsh_fullsize_distr4255.png','png',67,NULL,NULL),(196,'681bf4ce07cd7c6e3eab221f831c35a063367.ico',1,'http://localhost/trackatask_new/task_attachment/68/681bf4ce07cd7c6e3eab221f831c35a063367.ico','ico',68,NULL,NULL),(197,'careers mobile view3041.pdf',1,'http://localhost/trackatask_new/task_attachment/68/careers mobile view3041.pdf','pdf',68,NULL,NULL),(198,'^BCBF97E72E09A3871FC15B4CCB0B4EDF6E75D906065CC9489E^pimgpsh_fullsize_distr8755.png',1,'http://localhost/trackatask_new/task_attachment/68/^BCBF97E72E09A3871FC15B4CCB0B4EDF6E75D906065CC9489E^pimgpsh_fullsize_distr8755.png','png',68,NULL,NULL),(199,'^BCBF97E72E09A3871FC15B4CCB0B4EDF6E75D906065CC9489E^pimgpsh_fullsize_distr42421.png',1,'http://localhost/trackatask_new/task_attachment/69/^BCBF97E72E09A3871FC15B4CCB0B4EDF6E75D906065CC9489E^pimgpsh_fullsize_distr42421.png','png',69,NULL,NULL),(200,'681bf4ce07cd7c6e3eab221f831c35a014711.ico',1,'http://localhost/trackatask_new/task_attachment/69/681bf4ce07cd7c6e3eab221f831c35a014711.ico','ico',69,NULL,NULL),(201,'careers mobile view16145.pdf',1,'http://localhost/trackatask_new/task_attachment/69/careers mobile view16145.pdf','pdf',69,NULL,NULL),(202,'Example of parent consent letter36259.doc',1,'http://localhost/trackatask_new/task_attachment/69/Example of parent consent letter36259.doc','doc',69,NULL,NULL),(203,'681bf4ce07cd7c6e3eab221f831c35a048285.ico',1,'http://localhost/trackatask_new/task_attachment/70/681bf4ce07cd7c6e3eab221f831c35a048285.ico','ico',70,NULL,NULL),(204,'careers mobile view43583.pdf',1,'http://localhost/trackatask_new/task_attachment/70/careers mobile view43583.pdf','pdf',70,NULL,NULL),(205,'Example of parent consent letter13369.doc',1,'http://localhost/trackatask_new/task_attachment/70/Example of parent consent letter13369.doc','doc',70,NULL,NULL),(206,'^BCBF97E72E09A3871FC15B4CCB0B4EDF6E75D906065CC9489E^pimgpsh_fullsize_distr8107.png',1,'http://localhost/trackatask_new/task_attachment/70/^BCBF97E72E09A3871FC15B4CCB0B4EDF6E75D906065CC9489E^pimgpsh_fullsize_distr8107.png','png',70,NULL,NULL),(207,'4 046965.png',1,'http://localhost/trackatask_new/task_attachment/70/4 046965.png','png',70,NULL,NULL),(208,'^BCBF97E72E09A3871FC15B4CCB0B4EDF6E75D906065CC9489E^pimgpsh_fullsize_distr43745.png',1,'http://localhost/trackatask_new/task_attachment/71/^BCBF97E72E09A3871FC15B4CCB0B4EDF6E75D906065CC9489E^pimgpsh_fullsize_distr43745.png','png',71,NULL,NULL),(209,'681bf4ce07cd7c6e3eab221f831c35a054579.ico',1,'http://localhost/trackatask_new/task_attachment/71/681bf4ce07cd7c6e3eab221f831c35a054579.ico','ico',71,NULL,NULL),(210,'careers mobile view54813.pdf',1,'http://localhost/trackatask_new/task_attachment/71/careers mobile view54813.pdf','pdf',71,NULL,NULL),(211,'reorders materials in stock updated - 2019-8-31_xlsx_1567251260_xlsx_156739410534239.xlsx',1,'http://localhost/trackatask_new/task_attachment/71/reorders materials in stock updated - 2019-8-31_xlsx_1567251260_xlsx_156739410534239.xlsx','xlsx',71,NULL,NULL),(212,'681bf4ce07cd7c6e3eab221f831c35a049749.ico',1,'http://localhost/trackatask_new/task_attachment/72/681bf4ce07cd7c6e3eab221f831c35a049749.ico','ico',72,NULL,NULL),(213,'careers mobile view10647.pdf',1,'http://localhost/trackatask_new/task_attachment/72/careers mobile view10647.pdf','pdf',72,NULL,NULL),(214,'reorders materials in stock updated - 2019-8-31_xlsx_1567251260_xlsx_156739410515537.xlsx',1,'http://localhost/trackatask_new/task_attachment/72/reorders materials in stock updated - 2019-8-31_xlsx_1567251260_xlsx_156739410515537.xlsx','xlsx',72,NULL,NULL),(215,'^BCBF97E72E09A3871FC15B4CCB0B4EDF6E75D906065CC9489E^pimgpsh_fullsize_distr19139.png',1,'http://localhost/trackatask_new/task_attachment/72/^BCBF97E72E09A3871FC15B4CCB0B4EDF6E75D906065CC9489E^pimgpsh_fullsize_distr19139.png','png',72,NULL,NULL),(216,'681bf4ce07cd7c6e3eab221f831c35a014437.ico',1,'http://localhost/trackatask_new/task_attachment/73/681bf4ce07cd7c6e3eab221f831c35a014437.ico','ico',73,NULL,NULL),(217,'681bf4ce07cd7c6e3eab221f831c35a020591.ico',1,'http://localhost/trackatask_new/task_attachment/74/681bf4ce07cd7c6e3eab221f831c35a020591.ico','ico',74,NULL,NULL),(218,'Example of parent consent letter38569.doc',1,'http://localhost/trackatask_new/task_attachment/74/Example of parent consent letter38569.doc','doc',74,NULL,NULL),(219,'4 0410587.png',1,'http://localhost/trackatask_new/task_attachment/74/4 0410587.png','png',74,NULL,NULL),(220,'^BCBF97E72E09A3871FC15B4CCB0B4EDF6E75D906065CC9489E^pimgpsh_fullsize_distr56101.png',1,'http://localhost/trackatask_new/task_attachment/74/^BCBF97E72E09A3871FC15B4CCB0B4EDF6E75D906065CC9489E^pimgpsh_fullsize_distr56101.png','png',74,NULL,NULL),(221,'681bf4ce07cd7c6e3eab221f831c35a016615.ico',1,'http://localhost/trackatask_new/task_attachment/75/681bf4ce07cd7c6e3eab221f831c35a016615.ico','ico',75,NULL,NULL),(222,'681bf4ce07cd7c6e3eab221f831c35a043449.ico',1,'http://localhost/trackatask_new/task_attachment/76/681bf4ce07cd7c6e3eab221f831c35a043449.ico','ico',76,NULL,NULL),(223,'681bf4ce07cd7c6e3eab221f831c35a09543.ico',1,'http://localhost/trackatask_new/task_attachment/77/681bf4ce07cd7c6e3eab221f831c35a09543.ico','ico',77,NULL,NULL),(224,'681bf4ce07cd7c6e3eab221f831c35a014747.ico',1,'http://localhost/trackatask_new/task_attachment/78/681bf4ce07cd7c6e3eab221f831c35a014747.ico','ico',78,NULL,NULL),(225,'681bf4ce07cd7c6e3eab221f831c35a053253.ico',1,'http://localhost/trackatask_new/task_attachment/79/681bf4ce07cd7c6e3eab221f831c35a053253.ico','ico',79,NULL,NULL),(226,'681bf4ce07cd7c6e3eab221f831c35a0377.ico',1,'http://localhost/trackatask_new/task_attachment/80/681bf4ce07cd7c6e3eab221f831c35a0377.ico','ico',80,NULL,NULL),(227,'681bf4ce07cd7c6e3eab221f831c35a032079.ico',1,'http://localhost/trackatask_new/task_attachment/81/681bf4ce07cd7c6e3eab221f831c35a032079.ico','ico',81,NULL,NULL),(228,'681bf4ce07cd7c6e3eab221f831c35a028243.ico',1,'http://localhost/trackatask_new/task_attachment/82/681bf4ce07cd7c6e3eab221f831c35a028243.ico','ico',82,NULL,NULL),(229,'681bf4ce07cd7c6e3eab221f831c35a0.ico.zip',1,'http://localhost/trackatask_new/task_attachment/83/681bf4ce07cd7c6e3eab221f831c35a0.ico.zip','zip',83,NULL,NULL),(230,'681bf4ce07cd7c6e3eab221f831c35a0.ico.zip',1,'http://localhost/trackatask_new/task_attachment/84/681bf4ce07cd7c6e3eab221f831c35a0.ico.zip','zip',84,NULL,NULL),(231,'^BCBF97E72E09A3871FC15B4CCB0B4EDF6E75D906065CC9489E^pimgpsh_fullsize_distr.png',1,'http://localhost/trackatask_new/task_attachment/85/^BCBF97E72E09A3871FC15B4CCB0B4EDF6E75D906065CC9489E^pimgpsh_fullsize_distr.png','png',85,NULL,NULL),(232,'4 04.png',1,'http://localhost/trackatask_new/task_attachment/85/4 04.png','png',85,NULL,NULL),(233,'681bf4ce07cd7c6e3eab221f831c35a0.ico.zip',1,'http://localhost/trackatask_new/task_attachment/85/681bf4ce07cd7c6e3eab221f831c35a0.ico.zip','zip',85,NULL,NULL),(234,'careers mobile view.pdf',1,'http://localhost/trackatask_new/task_attachment/85/careers mobile view.pdf','pdf',85,NULL,NULL),(235,'Example of parent consent letter.doc',1,'http://localhost/trackatask_new/task_attachment/85/Example of parent consent letter.doc','doc',85,NULL,NULL),(236,'reorders materials in stock updated - 2019-8-31_xlsx_1567251260_xlsx_1567394105.xlsx',1,'http://localhost/trackatask_new/task_attachment/85/reorders materials in stock updated - 2019-8-31_xlsx_1567251260_xlsx_1567394105.xlsx','xlsx',85,NULL,NULL),(237,'test1.jpg',1,'http://localhost/trackatask_new/task_attachment/85/test1.jpg','jpg',85,NULL,NULL),(238,'trackatask.sql',1,'http://localhost/trackatask_new/task_attachment/85/trackatask.sql','sql',85,NULL,NULL);
/*!40000 ALTER TABLE `tasks_attachment` ENABLE KEYS */;
UNLOCK TABLES;

--
-- Table structure for table `tasks_reply_attachment`
--

DROP TABLE IF EXISTS `tasks_reply_attachment`;
/*!40101 SET @saved_cs_client     = @@character_set_client */;
/*!40101 SET character_set_client = utf8 */;
CREATE TABLE `tasks_reply_attachment` (
  `tasks_reply_attachment_id` int(10) unsigned NOT NULL AUTO_INCREMENT,
  `task_comments_id` int(10) unsigned NOT NULL,
  `image` varchar(191) NOT NULL,
  `full_path` varchar(191) NOT NULL,
  `file_type` char(191) NOT NULL,
  `created_at` timestamp NULL DEFAULT NULL,
  `updated_at` timestamp NULL DEFAULT NULL,
  PRIMARY KEY (`tasks_reply_attachment_id`),
  KEY `tasks_reply_attachment_task_id_index` (`task_comments_id`)
) ENGINE=InnoDB AUTO_INCREMENT=6 DEFAULT CHARSET=utf8;
/*!40101 SET character_set_client = @saved_cs_client */;

--
-- Dumping data for table `tasks_reply_attachment`
--

LOCK TABLES `tasks_reply_attachment` WRITE;
/*!40000 ALTER TABLE `tasks_reply_attachment` DISABLE KEYS */;
INSERT INTO `tasks_reply_attachment` VALUES (1,9,'4 0430041.png','E:\\xampp\\htdocs\\trackatask_new\\public/task_reply_attachment/4 0430041.png','png',NULL,NULL),(2,9,'Example of parent consent letter39499.doc','E:\\xampp\\htdocs\\trackatask_new\\public/task_reply_attachment/Example of parent consent letter39499.doc','doc',NULL,NULL),(3,9,'CHARMAINE4437.docx','E:\\xampp\\htdocs\\trackatask_new\\public/task_reply_attachment/CHARMAINE4437.docx','docx',NULL,NULL),(4,9,'Mobile Layouts52375.xlsx','E:\\xampp\\htdocs\\trackatask_new\\public/task_reply_attachment/Mobile Layouts52375.xlsx','xlsx',NULL,NULL),(5,9,'^BCBF97E72E09A3871FC15B4CCB0B4EDF6E75D906065CC9489E^pimgpsh_fullsize_distr41905.png','E:\\xampp\\htdocs\\trackatask_new\\public/task_reply_attachment/^BCBF97E72E09A3871FC15B4CCB0B4EDF6E75D906065CC9489E^pimgpsh_fullsize_distr41905.png','png',NULL,NULL);
/*!40000 ALTER TABLE `tasks_reply_attachment` ENABLE KEYS */;
UNLOCK TABLES;

--
-- Table structure for table `team_data`
--

DROP TABLE IF EXISTS `team_data`;
/*!40101 SET @saved_cs_client     = @@character_set_client */;
/*!40101 SET character_set_client = utf8 */;
CREATE TABLE `team_data` (
  `team_data_id` bigint(11) unsigned NOT NULL AUTO_INCREMENT,
  `team_info_id` bigint(11) unsigned NOT NULL,
  `user_id` bigint(11) unsigned NOT NULL,
  `original_creator` bigint(11) unsigned NOT NULL,
  PRIMARY KEY (`team_data_id`)
) ENGINE=InnoDB DEFAULT CHARSET=utf8;
/*!40101 SET character_set_client = @saved_cs_client */;

--
-- Dumping data for table `team_data`
--

LOCK TABLES `team_data` WRITE;
/*!40000 ALTER TABLE `team_data` DISABLE KEYS */;
/*!40000 ALTER TABLE `team_data` ENABLE KEYS */;
UNLOCK TABLES;

--
-- Table structure for table `team_info`
--

DROP TABLE IF EXISTS `team_info`;
/*!40101 SET @saved_cs_client     = @@character_set_client */;
/*!40101 SET character_set_client = utf8 */;
CREATE TABLE `team_info` (
  `team_info_id` bigint(11) unsigned NOT NULL AUTO_INCREMENT,
  `team_name` text NOT NULL,
  `team_leader_id` bigint(11) unsigned NOT NULL,
  `type` char(5) NOT NULL DEFAULT 'B' COMMENT 'B= Business , P = Personal',
  `status` char(4) NOT NULL DEFAULT 'A' COMMENT 'Active = A , Disabled = D',
  `date_created` timestamp NOT NULL DEFAULT CURRENT_TIMESTAMP,
  `parent_id` bigint(11) NOT NULL,
  PRIMARY KEY (`team_info_id`)
) ENGINE=InnoDB DEFAULT CHARSET=utf8;
/*!40101 SET character_set_client = @saved_cs_client */;

--
-- Dumping data for table `team_info`
--

LOCK TABLES `team_info` WRITE;
/*!40000 ALTER TABLE `team_info` DISABLE KEYS */;
/*!40000 ALTER TABLE `team_info` ENABLE KEYS */;
UNLOCK TABLES;

--
-- Table structure for table `theme`
--

DROP TABLE IF EXISTS `theme`;
/*!40101 SET @saved_cs_client     = @@character_set_client */;
/*!40101 SET character_set_client = utf8 */;
CREATE TABLE `theme` (
  `theme_id` int(11) NOT NULL AUTO_INCREMENT,
  `color` varchar(190) NOT NULL,
  PRIMARY KEY (`theme_id`)
) ENGINE=InnoDB DEFAULT CHARSET=utf8;
/*!40101 SET character_set_client = @saved_cs_client */;

--
-- Dumping data for table `theme`
--

LOCK TABLES `theme` WRITE;
/*!40000 ALTER TABLE `theme` DISABLE KEYS */;
/*!40000 ALTER TABLE `theme` ENABLE KEYS */;
UNLOCK TABLES;

--
-- Table structure for table `theme_color`
--

DROP TABLE IF EXISTS `theme_color`;
/*!40101 SET @saved_cs_client     = @@character_set_client */;
/*!40101 SET character_set_client = utf8 */;
CREATE TABLE `theme_color` (
  `theme_color_id` int(10) unsigned NOT NULL AUTO_INCREMENT,
  `color` varchar(190) NOT NULL,
  `created` timestamp NOT NULL DEFAULT CURRENT_TIMESTAMP,
  PRIMARY KEY (`theme_color_id`)
) ENGINE=InnoDB AUTO_INCREMENT=3 DEFAULT CHARSET=utf8;
/*!40101 SET character_set_client = @saved_cs_client */;

--
-- Dumping data for table `theme_color`
--

LOCK TABLES `theme_color` WRITE;
/*!40000 ALTER TABLE `theme_color` DISABLE KEYS */;
INSERT INTO `theme_color` VALUES (1,'pink','2019-02-08 07:25:02'),(2,'blue','2019-02-08 07:25:02');
/*!40000 ALTER TABLE `theme_color` ENABLE KEYS */;
UNLOCK TABLES;

--
-- Table structure for table `timezone`
--

DROP TABLE IF EXISTS `timezone`;
/*!40101 SET @saved_cs_client     = @@character_set_client */;
/*!40101 SET character_set_client = utf8 */;
CREATE TABLE `timezone` (
  `id` int(11) unsigned NOT NULL AUTO_INCREMENT,
  `user_id` int(11) unsigned NOT NULL,
  `ip_address` varchar(15) NOT NULL,
  `timezone` varchar(20) NOT NULL,
  `created_at` timestamp NOT NULL DEFAULT CURRENT_TIMESTAMP ON UPDATE CURRENT_TIMESTAMP,
  `updated_at` datetime NOT NULL,
  PRIMARY KEY (`id`)
) ENGINE=InnoDB AUTO_INCREMENT=9 DEFAULT CHARSET=utf8;
/*!40101 SET character_set_client = @saved_cs_client */;

--
-- Dumping data for table `timezone`
--

LOCK TABLES `timezone` WRITE;
/*!40000 ALTER TABLE `timezone` DISABLE KEYS */;
INSERT INTO `timezone` VALUES (1,2,'192.168.1.118','Asia/Manila','2019-04-01 06:29:42','2019-04-01 01:49:25'),(2,1,'192.168.1.118','Asia/Manila','2019-05-29 03:11:07','2019-05-29 03:11:07'),(3,3,'192.168.1.118','Asia/Manila','2019-03-25 09:07:34','0000-00-00 00:00:00'),(4,4,'192.168.1.118','Asia/Manila','2019-03-25 09:07:36','0000-00-00 00:00:00'),(5,5,'192.168.1.118','Asia/Manila','2019-03-25 09:07:39','0000-00-00 00:00:00'),(6,6,'192.168.1.118','Asia/Manila','2019-03-25 09:07:42','0000-00-00 00:00:00'),(7,2,'','','2019-07-11 19:09:50','2019-07-12 03:09:50'),(8,3,'','','2019-07-11 19:31:54','2019-07-12 03:31:54');
/*!40000 ALTER TABLE `timezone` ENABLE KEYS */;
UNLOCK TABLES;

--
-- Table structure for table `todo_list`
--

DROP TABLE IF EXISTS `todo_list`;
/*!40101 SET @saved_cs_client     = @@character_set_client */;
/*!40101 SET character_set_client = utf8 */;
CREATE TABLE `todo_list` (
  `todo_id` int(11) unsigned NOT NULL AUTO_INCREMENT,
  `todo_name` text CHARACTER SET utf8mb4 NOT NULL,
  `user_id` int(100) unsigned NOT NULL,
  `created_at` timestamp NOT NULL DEFAULT CURRENT_TIMESTAMP,
  `updated_at` timestamp NOT NULL DEFAULT CURRENT_TIMESTAMP,
  `date_finished` timestamp NOT NULL DEFAULT '0000-00-00 00:00:00' ON UPDATE CURRENT_TIMESTAMP,
  `status` smallint(5) unsigned NOT NULL DEFAULT '0' COMMENT '0 = ongoing 1 = finished',
  `todo_status` char(5) CHARACTER SET utf8mb4 NOT NULL DEFAULT 'A' COMMENT 'R = remove A = active',
  `date_from` varchar(255) NOT NULL,
  `is_active` smallint(4) NOT NULL DEFAULT '1',
  PRIMARY KEY (`todo_id`),
  KEY `created_by_2` (`user_id`,`status`),
  KEY `user_id` (`user_id`,`is_active`) USING BTREE,
  KEY `todo_id` (`todo_id`),
  KEY `status` (`status`)
) ENGINE=InnoDB AUTO_INCREMENT=38 DEFAULT CHARSET=utf8;
/*!40101 SET character_set_client = @saved_cs_client */;

--
-- Dumping data for table `todo_list`
--

LOCK TABLES `todo_list` WRITE;
/*!40000 ALTER TABLE `todo_list` DISABLE KEYS */;
INSERT INTO `todo_list` VALUES (1,'gjjjjk',1,'2019-05-09 00:02:11','2019-07-14 19:24:50','2019-07-15 03:24:50',0,'R','09/05/2024',1),(2,'wethuo',1,'2019-05-09 00:02:30','2019-07-14 19:24:54','2019-07-15 03:24:54',0,'R','09/05/2024',1),(3,'task',1,'2019-05-09 23:56:48','2019-07-14 19:27:58','2019-07-15 03:27:58',0,'R','11/07/2021',1),(4,'Test todosasdasd',1,'2019-05-22 22:59:06','2019-07-14 19:27:22','2019-07-15 03:27:22',0,'R','01/01/1970',1),(5,'new',1,'2019-06-03 16:37:34','2019-07-14 19:28:07','2019-07-15 03:28:07',0,'R','06/04/2019',1),(6,'asdas',1,'2019-06-03 19:51:05','2019-07-14 19:28:14','2019-07-15 03:28:14',0,'R','2019-06-20',1),(7,'asd',1,'2019-06-03 19:53:53','2019-07-14 19:28:10','2019-07-15 03:28:10',0,'R','2019-06-28',1),(8,'azxc',1,'2019-06-03 19:54:27','2019-07-14 19:28:16','2019-07-15 03:28:16',0,'R','2019-06-28',1),(9,'sfdf',1,'2019-06-03 19:56:39','2019-07-14 19:28:19','2019-07-15 03:28:19',0,'R','2019-06-26',1),(10,'sfdf',1,'2019-06-03 19:56:44','2019-07-14 19:28:21','2019-07-15 03:28:21',0,'R','2019-06-26',1),(11,'sample',1,'2019-06-03 19:58:18','2019-08-28 22:37:15','0000-00-00 00:00:00',0,'A','2019-06-25',1),(12,'test12ghdfh',1,'2019-06-03 20:01:04','2019-07-16 18:52:19','2019-07-17 02:52:19',0,'R','2019-06-22',1),(13,'asdasd',1,'2019-06-03 21:56:24','2019-07-14 19:24:46','2019-07-15 03:24:46',0,'R','2019-06-05',1),(14,'asd',1,'2019-06-03 22:02:11','2019-07-14 19:24:43','2019-07-15 03:24:43',0,'R','2019-06-05',1),(15,'ghjg',1,'2019-06-03 22:07:20','2019-07-14 19:24:41','2019-07-15 03:24:41',0,'R','2019-06-05',1),(16,'dfg',1,'2019-06-03 22:14:22','2019-07-09 19:15:17','2019-07-10 03:15:17',0,'R','2019-06-05',1),(17,'asdasd',1,'2019-06-03 22:14:59','2019-07-14 19:24:38','2019-07-15 03:24:38',0,'R','2019-06-21',1),(18,'nmvnhm',1,'2019-06-03 22:16:39','2019-07-14 19:24:36','2019-07-15 03:24:36',0,'R','2019-06-22',1),(19,'cgsdfg',1,'2019-06-03 22:17:32','2019-07-14 19:24:34','2019-07-15 03:24:34',0,'R','2029-06-15',1),(20,'cgsdfg',1,'2019-06-03 22:17:46','2019-07-14 19:03:28','2019-07-15 03:03:28',0,'R','2029-06-21',1),(21,'a',1,'2019-06-03 22:18:51','2019-07-14 19:02:13','2019-07-15 03:02:13',0,'R','2019-06-13',1),(22,'a',1,'2019-06-03 22:19:02','2019-07-14 19:02:01','2019-07-15 03:02:01',0,'R','2019-06-21',1),(23,'a',1,'2019-06-03 22:19:17','2019-07-14 19:01:13','2019-07-15 03:01:13',0,'R','2019-12-27',1),(24,'vbc',1,'2019-06-03 22:20:26','2019-07-14 18:51:24','2019-07-15 02:51:24',0,'R','2019-06-20',1),(25,'hjkjkl',1,'2019-06-03 22:21:02','2019-07-11 19:43:20','2019-07-12 03:43:20',0,'R','2019-08-15',1),(26,'rtyrt',1,'2019-06-03 22:21:32','2019-07-11 19:43:00','2019-07-12 03:43:00',0,'R','2019-01-01',1),(27,'hey',1,'2019-06-03 22:39:13','2019-07-11 19:41:56','2019-07-12 03:41:56',0,'R','2019-06-13',1),(28,'hey',1,'2019-06-03 22:39:16','2019-07-11 19:41:47','2019-07-12 03:41:47',0,'R','2019-06-13',1),(29,'dfgdf',1,'2019-06-03 22:39:48','2019-07-11 19:41:20','2019-07-12 03:41:20',0,'R','2019-06-20',1),(30,'test',1,'2019-07-11 23:11:38','2019-07-14 18:50:55','2019-07-15 02:50:55',0,'R','2019-07-18',1),(31,'sample',1,'2019-07-11 23:18:06','2019-07-14 18:49:44','2019-07-15 02:49:44',0,'R','2019-07-13',1),(32,'test',1,'2019-07-11 23:21:15','2019-07-14 18:12:38','2019-07-15 02:12:38',0,'R','2019-07-17',1),(33,'test',1,'2019-07-16 18:52:09','2019-07-16 18:52:13','2019-07-17 02:52:13',0,'R','2019-07-09',1),(34,'test',1,'2019-07-16 18:52:29','2019-07-16 18:52:32','2019-07-17 02:52:32',0,'R','2019-07-18',1),(35,'test',1,'2019-07-16 18:52:58','2019-07-16 18:58:22','2019-07-17 02:58:22',0,'R','2019-07-18',1),(36,'test',1,'2019-07-16 18:58:29','2019-07-16 18:58:32','2019-07-17 02:58:32',0,'R','2019-07-10',1),(37,'test',1,'2019-07-24 23:38:13','2019-08-28 22:37:16','0000-00-00 00:00:00',0,'A','2019-07-26',1);
/*!40000 ALTER TABLE `todo_list` ENABLE KEYS */;
UNLOCK TABLES;

--
-- Table structure for table `todo_logs`
--

DROP TABLE IF EXISTS `todo_logs`;
/*!40101 SET @saved_cs_client     = @@character_set_client */;
/*!40101 SET character_set_client = utf8 */;
CREATE TABLE `todo_logs` (
  `todo_log_id` int(100) unsigned NOT NULL AUTO_INCREMENT,
  `user_id` int(100) unsigned NOT NULL,
  `todo_list_id` int(100) unsigned NOT NULL,
  `todo_status` text NOT NULL,
  PRIMARY KEY (`todo_log_id`)
) ENGINE=InnoDB AUTO_INCREMENT=23 DEFAULT CHARSET=utf8;
/*!40101 SET character_set_client = @saved_cs_client */;

--
-- Dumping data for table `todo_logs`
--

LOCK TABLES `todo_logs` WRITE;
/*!40000 ALTER TABLE `todo_logs` DISABLE KEYS */;
INSERT INTO `todo_logs` VALUES (1,1,20,''),(2,1,19,''),(3,1,18,''),(4,1,17,''),(5,1,15,''),(6,1,14,''),(7,1,13,''),(8,1,1,''),(9,1,2,''),(10,1,4,''),(11,1,3,''),(12,1,5,''),(13,1,7,''),(14,1,6,''),(15,1,8,''),(16,1,9,''),(17,1,10,''),(18,1,33,''),(19,1,12,''),(20,1,34,''),(21,1,35,''),(22,1,36,'');
/*!40000 ALTER TABLE `todo_logs` ENABLE KEYS */;
UNLOCK TABLES;

--
-- Table structure for table `user_subscription`
--

DROP TABLE IF EXISTS `user_subscription`;
/*!40101 SET @saved_cs_client     = @@character_set_client */;
/*!40101 SET character_set_client = utf8 */;
CREATE TABLE `user_subscription` (
  `user_subscription_id` bigint(11) unsigned NOT NULL AUTO_INCREMENT,
  `subscription_id` bigint(11) unsigned NOT NULL,
  `user_id` int(10) unsigned NOT NULL,
  `amount` decimal(11,2) NOT NULL,
  `date_created` timestamp NOT NULL DEFAULT CURRENT_TIMESTAMP,
  `subscription_status` char(5) NOT NULL DEFAULT 'A',
  `subscription_type` char(6) NOT NULL DEFAULT 'B',
  PRIMARY KEY (`user_subscription_id`),
  KEY `subscription_id` (`subscription_id`),
  KEY `user_id` (`user_id`,`subscription_status`)
) ENGINE=InnoDB AUTO_INCREMENT=3 DEFAULT CHARSET=utf8;
/*!40101 SET character_set_client = @saved_cs_client */;

--
-- Dumping data for table `user_subscription`
--

LOCK TABLES `user_subscription` WRITE;
/*!40000 ALTER TABLE `user_subscription` DISABLE KEYS */;
INSERT INTO `user_subscription` VALUES (1,1,1,50.00,'2019-07-12 02:51:22','A','B'),(2,1,4,50.00,'2019-10-02 02:27:04','A','B');
/*!40000 ALTER TABLE `user_subscription` ENABLE KEYS */;
UNLOCK TABLES;

--
-- Table structure for table `users`
--

DROP TABLE IF EXISTS `users`;
/*!40101 SET @saved_cs_client     = @@character_set_client */;
/*!40101 SET character_set_client = utf8 */;
CREATE TABLE `users` (
  `id` int(10) unsigned NOT NULL AUTO_INCREMENT,
  `user_unique` text,
  `firstname` varchar(191) DEFAULT NULL,
  `lastname` varchar(191) DEFAULT NULL,
  `email` varchar(191) NOT NULL,
  `address` varchar(191) DEFAULT NULL,
  `city` varchar(191) DEFAULT NULL,
  `state` varchar(191) DEFAULT NULL,
  `zipcode` varchar(191) DEFAULT NULL,
  `country_id` tinyint(3) unsigned NOT NULL DEFAULT '0',
  `timezone` varchar(20) DEFAULT NULL,
  `account_type_id` tinyint(3) unsigned NOT NULL,
  `business_nature_child_id` tinyint(3) unsigned NOT NULL,
  `business_name` varchar(191) NOT NULL,
  `locale` varchar(50) NOT NULL DEFAULT 'en' COMMENT 'LANGUAGE',
  `theme_color_id` smallint(5) unsigned NOT NULL DEFAULT '1',
  `theme_id` int(10) unsigned DEFAULT NULL,
  `profile_image_id` tinyint(3) unsigned NOT NULL DEFAULT '0',
  `subscription_status` tinyint(3) unsigned NOT NULL DEFAULT '1',
  `subscription_id` int(11) unsigned NOT NULL DEFAULT '0',
  `parent_business_owner_id` tinyint(3) unsigned NOT NULL DEFAULT '0',
  `created_by` int(11) unsigned DEFAULT NULL COMMENT 'NULL = means the user is the parent creator',
  `owner_accept_status` smallint(5) unsigned NOT NULL DEFAULT '1',
  `is_active` smallint(5) DEFAULT '1',
  `password` varchar(191) NOT NULL,
  `remember_token` varchar(100) DEFAULT NULL,
  `created_at` timestamp NULL DEFAULT CURRENT_TIMESTAMP,
  `updated_at` timestamp NULL DEFAULT NULL,
  PRIMARY KEY (`id`),
  UNIQUE KEY `users_email_unique` (`email`),
  KEY `users_account_type_id_index` (`account_type_id`),
  KEY `users_business_nature_child_id_index` (`business_nature_child_id`),
  KEY `users_profile_image_id_index` (`profile_image_id`),
  KEY `user_unique` (`user_unique`(255)),
  KEY `is_active` (`is_active`)
) ENGINE=InnoDB AUTO_INCREMENT=4 DEFAULT CHARSET=utf8;
/*!40101 SET character_set_client = @saved_cs_client */;

--
-- Dumping data for table `users`
--

LOCK TABLES `users` WRITE;
/*!40000 ALTER TABLE `users` DISABLE KEYS */;
INSERT INTO `users` VALUES (1,'$2y$10$8QEHf3fKJWRDRwjSMH7ghuI8l3ZxBL0H8vns8ozJGka9xcYNwa2Ei','super','trackerteer','super@trackerteer.com',NULL,NULL,NULL,NULL,0,'America/Metlakatla',1,1,'AZSDFGHJU','en',2,NULL,0,1,0,1,1,1,1,'$2y$10$ZGcBs60PEpte0IyavFYRo.lRwZ9mO5JJVVskmlV1epl/8UYbbUXPi','ZNZ5EHloVyv6gaILUV4FmIPQNdmEobOaXwTCD41zJsZIlwF0y9ECWpgeqFWe','2019-07-11 18:51:21','2019-10-02 01:18:07'),(2,'$2y$10$QzdLsWkVPvqPaQxVhwr7qO97VfQkLg1Noe3YrrOq699JNe6itYWrW','Joan','Magpayo','joanm@trackerteer.com',NULL,NULL,NULL,NULL,0,NULL,1,1,'AZSDFGHJU','en',1,NULL,0,0,0,1,1,1,1,'$2y$10$CVP5hj3O6jB08PjyhcIThOuFbIm.KPuQarH6P0S9At64ixgFZMCtC','W3hhIl4IREVO79rqRRjD2UhtB6ZXvv5uEx09aG7RvlRwfsupm2v24uOaJ3J7','2019-07-12 03:09:50',NULL),(3,'$2y$10$PZ/04ZSTje.HP6eSbwmUguIkZ16yi04Hi0p1lRj.9Ckbpidx4dw5S','Charmaine','Peralta','charm@trackerteer.com',NULL,NULL,NULL,NULL,0,NULL,1,1,'AZSDFGHJU','en',1,NULL,0,0,0,1,1,1,1,'$2y$10$tNnOGRkcWBUW0pakvMjj7O8GLWmMCtAnPyCEiAY2ZYklzwvSkpyba',NULL,'2019-07-12 03:31:54',NULL);
/*!40000 ALTER TABLE `users` ENABLE KEYS */;
UNLOCK TABLES;

--
-- Table structure for table `users_logs`
--

DROP TABLE IF EXISTS `users_logs`;
/*!40101 SET @saved_cs_client     = @@character_set_client */;
/*!40101 SET character_set_client = utf8 */;
CREATE TABLE `users_logs` (
  `users_logs_id` bigint(11) unsigned NOT NULL AUTO_INCREMENT,
  `user_id` bigint(11) unsigned NOT NULL,
  `edited_by` bigint(11) unsigned NOT NULL,
  `action_type` varchar(50) NOT NULL,
  `ip_address` text NOT NULL,
  `date_created` timestamp NOT NULL DEFAULT CURRENT_TIMESTAMP,
  `user_agent` text NOT NULL,
  PRIMARY KEY (`users_logs_id`)
) ENGINE=InnoDB DEFAULT CHARSET=utf8;
/*!40101 SET character_set_client = @saved_cs_client */;

--
-- Dumping data for table `users_logs`
--

LOCK TABLES `users_logs` WRITE;
/*!40000 ALTER TABLE `users_logs` DISABLE KEYS */;
/*!40000 ALTER TABLE `users_logs` ENABLE KEYS */;
UNLOCK TABLES;
/*!40103 SET TIME_ZONE=@OLD_TIME_ZONE */;

/*!40101 SET SQL_MODE=@OLD_SQL_MODE */;
/*!40014 SET FOREIGN_KEY_CHECKS=@OLD_FOREIGN_KEY_CHECKS */;
/*!40014 SET UNIQUE_CHECKS=@OLD_UNIQUE_CHECKS */;
/*!40101 SET CHARACTER_SET_CLIENT=@OLD_CHARACTER_SET_CLIENT */;
/*!40101 SET CHARACTER_SET_RESULTS=@OLD_CHARACTER_SET_RESULTS */;
/*!40101 SET COLLATION_CONNECTION=@OLD_COLLATION_CONNECTION */;
/*!40111 SET SQL_NOTES=@OLD_SQL_NOTES */;

-- Dump completed on 2019-10-18 16:42:51
